trajectory_source,subset,contrast,metric,et_measure,n_items,spearman_rho,spearman_p,pearson_r,pearson_p,spearman_p_fdr,spearman_fdr_sig
critical_position,Agreement,UNAGREE-AGREE,steps_taken,ffd,18,0.09342032028763052,0.7123495254930098,0.2621774879831268,0.29326002378243876,0.9651187119582714,False
critical_position,Agreement,UNAGREE-AGREE,final_surprisal,ffd,18,0.4447884416924664,0.0643852241036506,0.15368619124370886,0.5426173224706703,0.6309751962157759,False
critical_position,Agreement,UNAGREE-AGREE,final_entropy,ffd,18,0.005159958720330237,0.9837879533049654,0.2519859447152534,0.3131020581975169,1.0,False
critical_position,Agreement,UNAGREE-AGREE,final_sampler_entropy,ffd,18,-0.23219814241486067,0.3538383254251315,-0.09136459971535059,0.7184325453727978,0.8731181757038086,False
critical_position,Agreement,UNAGREE-AGREE,final_sampler_p_target,ffd,18,-0.32301341589267285,0.19106788357348967,-0.33990621858258313,0.16756352367825056,0.7724427881730861,False
critical_position,Agreement,UNAGREE-AGREE,cumulative_kl,ffd,18,0.20330237358101136,0.4184467334719628,0.3260861605336314,0.18663815026239666,0.8731181757038086,False
critical_position,Agreement,UNAGREE-AGREE,sampler_cumulative_kl,ffd,18,0.10216718266253869,0.6866550541678016,0.2505145969061286,0.3160309266987782,0.9629111443916741,False
critical_position,Agreement,UNAGREE-AGREE,steps_taken,gz,18,0.1069416824345244,0.6727643069534505,0.08333118516457803,0.7423558003508179,0.9629111443916741,False
critical_position,Agreement,UNAGREE-AGREE,final_surprisal,gz,18,0.2776057791537668,0.26470972815378374,0.239996293962702,0.33743844972773596,0.8023160832702311,False
critical_position,Agreement,UNAGREE-AGREE,final_entropy,gz,18,-0.040247678018575844,0.8740147776078566,0.07352461318277538,0.771864913627347,0.9891671285147632,False
critical_position,Agreement,UNAGREE-AGREE,final_sampler_entropy,gz,18,-0.38080495356037153,0.11898433684768554,-0.23026039113967348,0.3579827735641287,0.7724427881730861,False
critical_position,Agreement,UNAGREE-AGREE,final_sampler_p_target,gz,18,-0.24458204334365324,0.3280041243603068,-0.31740537263760715,0.1993312895248874,0.8420339717772517,False
critical_position,Agreement,UNAGREE-AGREE,cumulative_kl,gz,18,-0.040247678018575844,0.8740147776078566,0.09324618344428415,0.7128641743046995,0.9891671285147632,False
critical_position,Agreement,UNAGREE-AGREE,sampler_cumulative_kl,gz,18,-0.052631578947368425,0.8356904320597222,-0.05633048146613519,0.8243075756592528,0.9891671285147632,False
critical_position,Agreement,UNAGREE-AGREE,steps_taken,gp,18,-0.17946535213150072,0.47611649601915407,-0.3058650684067613,0.21706782120425844,0.9270082770174258,False
critical_position,Agreement,UNAGREE-AGREE,final_surprisal,gp,18,0.15170278637770898,0.5479006675946312,0.21132197616866236,0.3999192696899949,0.9420046565662081,False
critical_position,Agreement,UNAGREE-AGREE,final_entropy,gp,18,-0.09803921568627451,0.6987424830235279,-0.321386119829705,0.1934418632319831,0.9629111443916741,False
critical_position,Agreement,UNAGREE-AGREE,final_sampler_entropy,gp,18,-0.0629514963880289,0.8040167566657793,0.046019828376315804,0.8561133938827237,0.9849205269155797,False
critical_position,Agreement,UNAGREE-AGREE,final_sampler_p_target,gp,18,0.06914344685242517,0.7851478708666942,0.26114472201998024,0.2952352175861911,0.9832494710692453,False
critical_position,Agreement,UNAGREE-AGREE,cumulative_kl,gp,18,-0.391124871001032,0.10849983794275489,-0.24603699523324657,0.3250434519314269,0.7507497572332488,False
critical_position,Agreement,UNAGREE-AGREE,sampler_cumulative_kl,gp,18,-0.4220846233230134,0.08101904869498933,-0.3278600797058873,0.18411225950333376,0.7005764798919666,False
critical_position,Agreement,UNAGREE-AGREE,steps_taken,tt,18,0.11431697087828473,0.6515049891561115,-0.0195624878722288,0.9385877545128596,0.9629111443916741,False
critical_position,Agreement,UNAGREE-AGREE,final_surprisal,tt,18,-0.01547987616099071,0.9513880221541826,0.11928072507122432,0.6373383876761598,1.0,False
critical_position,Agreement,UNAGREE-AGREE,final_entropy,tt,18,-0.11661506707946334,0.6449317151979074,-0.07075899336239158,0.7802430248366077,0.9629111443916741,False
critical_position,Agreement,UNAGREE-AGREE,final_sampler_entropy,tt,18,0.017543859649122806,0.9449151835129637,0.04475918498465317,0.8600176728376779,1.0,False
critical_position,Agreement,UNAGREE-AGREE,final_sampler_p_target,tt,18,-0.2425180598555212,0.3322310909053102,-0.030234672172749694,0.9052022440450462,0.8420339717772517,False
critical_position,Agreement,UNAGREE-AGREE,cumulative_kl,tt,18,-0.08565531475748193,0.7354104124232369,-0.10801593320125125,0.6696525781009188,0.980396660005651,False
critical_position,Agreement,UNAGREE-AGREE,sampler_cumulative_kl,tt,18,-0.021671826625386997,0.9319797351987382,-0.062181182811742286,0.8063716009323809,1.0,False
critical_position,Agreement,UNAGREE-AGREE,steps_taken,regin,18,0.03810565695942824,0.8806732052978773,-0.057628788171172216,0.8203199964111869,0.9891671285147632,False
critical_position,Agreement,UNAGREE-AGREE,final_surprisal,regin,18,0.029927760577915376,0.9061604960497216,0.14480344619137134,0.566455389749827,0.9940715889500678,False
critical_position,Agreement,UNAGREE-AGREE,final_entropy,regin,18,0.11248710010319916,0.6567565630509027,0.06463978642833162,0.7988613013748094,0.9629111443916741,False
critical_position,Agreement,UNAGREE-AGREE,final_sampler_entropy,regin,18,0.33746130030959753,0.170837640525947,0.2852277490681813,0.2512678882302795,0.7724427881730861,False
critical_position,Agreement,UNAGREE-AGREE,final_sampler_p_target,regin,18,-0.09184726522187822,0.717002841661774,-0.04822072572540384,0.8493047632562571,0.9669671350851446,False
critical_position,Agreement,UNAGREE-AGREE,cumulative_kl,regin,18,0.11042311661506708,0.6626984309773885,-0.195369049058486,0.4372141298493193,0.9629111443916741,False
critical_position,Agreement,UNAGREE-AGREE,sampler_cumulative_kl,regin,18,0.011351909184726523,0.9643420040748253,-0.11946857674885698,0.6368045610619899,1.0,False
critical_position,Agreement,UNAGREE-AGREE,steps_taken,regout,18,-0.054085448587575566,0.8312125180445906,-0.12305364553800023,0.6266495681663877,0.9891671285147632,False
critical_position,Agreement,UNAGREE-AGREE,final_surprisal,regout,18,0.30443756449948395,0.219330660804505,0.2560694355739481,0.30505831417788204,0.7724427881730861,False
critical_position,Agreement,UNAGREE-AGREE,final_entropy,regout,18,-0.15376676986584106,0.5424031647570589,-0.2712592028846774,0.2762368394129204,0.9399802159645294,False
critical_position,Agreement,UNAGREE-AGREE,final_sampler_entropy,regout,18,-0.15583075335397317,0.5369306230900768,-0.2586675880449032,0.30000548589366594,0.9399802159645294,False
critical_position,Agreement,UNAGREE-AGREE,final_sampler_p_target,regout,18,-0.23013415892672856,0.35825371050744326,0.06384686695468822,0.8012816315256674,0.8731181757038086,False
critical_position,Agreement,UNAGREE-AGREE,cumulative_kl,regout,18,0.17647058823529413,0.48362814549353283,0.00849873708385429,0.9733007044162658,0.9354386498361753,False
critical_position,Agreement,UNAGREE-AGREE,sampler_cumulative_kl,regout,18,0.07120743034055728,0.7788829476841138,-0.023131378215679732,0.927409784337321,0.9832494710692453,False
critical_position,ClassicGP,MVRR_AMB-MVRR_UAMB,steps_taken,ffd,24,0.05797753048157421,0.7878571302182117,0.0144856660765698,0.9464385036405676,0.9832494710692453,False
critical_position,ClassicGP,MVRR_AMB-MVRR_UAMB,final_surprisal,ffd,24,-0.268695652173913,0.2042392593734892,-0.15645184563063896,0.4653581253860859,0.7724427881730861,False
critical_position,ClassicGP,MVRR_AMB-MVRR_UAMB,final_entropy,ffd,24,0.021739130434782605,0.9196887674366272,0.03522339665079097,0.8702057690033336,0.9977435336766362,False
critical_position,ClassicGP,MVRR_AMB-MVRR_UAMB,final_sampler_entropy,ffd,24,0.12782608695652173,0.5516845044816034,0.15203201417576392,0.47821245843315763,0.942187386532506,False
critical_position,ClassicGP,MVRR_AMB-MVRR_UAMB,final_sampler_p_target,ffd,24,0.06,0.7806300955564118,0.06470777355998844,0.7638765126131717,0.9832494710692453,False
critical_position,ClassicGP,MVRR_AMB-MVRR_UAMB,cumulative_kl,ffd,24,0.09217391304347824,0.6683845191595212,-0.008964682601120579,0.9668383203969055,0.9629111443916741,False
critical_position,ClassicGP,MVRR_AMB-MVRR_UAMB,sampler_cumulative_kl,ffd,24,0.03043478260869565,0.8877339355759605,0.02635940595886191,0.9026920281059323,0.9891671285147632,False
critical_position,ClassicGP,MVRR_AMB-MVRR_UAMB,steps_taken,gz,24,-0.13164822710853694,0.539750138257508,-0.08575778469127474,0.6903109169171099,0.9399802159645294,False
critical_position,ClassicGP,MVRR_AMB-MVRR_UAMB,final_surprisal,gz,24,-0.18956521739130433,0.3749803911439148,-0.14374113927215543,0.502802934607573,0.8731181757038086,False
critical_position,ClassicGP,MVRR_AMB-MVRR_UAMB,final_entropy,gz,24,-0.15304347826086956,0.4752549676743846,-0.07086087934945867,0.7421345314183216,0.9270082770174258,False
critical_position,ClassicGP,MVRR_AMB-MVRR_UAMB,final_sampler_entropy,gz,24,0.08173913043478259,0.7041697144360882,0.12505685461402688,0.5604058145259321,0.9629111443916741,False
critical_position,ClassicGP,MVRR_AMB-MVRR_UAMB,final_sampler_p_target,gz,24,0.25999999999999995,0.2198319601699354,0.2895696341588728,0.16991337938928427,0.7724427881730861,False
critical_position,ClassicGP,MVRR_AMB-MVRR_UAMB,cumulative_kl,gz,24,-0.08608695652173912,0.6891799258775774,-0.1325650190860686,0.5369055096102668,0.9629111443916741,False
critical_position,ClassicGP,MVRR_AMB-MVRR_UAMB,sampler_cumulative_kl,gz,24,-0.13652173913043478,0.5247096194478427,-0.13124263186585233,0.5410108562983935,0.9399802159645294,False
critical_position,ClassicGP,MVRR_AMB-MVRR_UAMB,steps_taken,gp,24,-0.05013094740887995,0.8160519476185345,0.1606603818929987,0.45328644275182384,0.9891671285147632,False
critical_position,ClassicGP,MVRR_AMB-MVRR_UAMB,final_surprisal,gp,24,-0.2078260869565217,0.3298186178055177,-0.2640546805863372,0.21246536119568116,0.8420339717772517,False
critical_position,ClassicGP,MVRR_AMB-MVRR_UAMB,final_entropy,gp,24,0.00608695652173913,0.9774802016477158,0.204366956944793,0.3381110437736638,1.0,False
critical_position,ClassicGP,MVRR_AMB-MVRR_UAMB,final_sampler_entropy,gp,24,-0.08347826086956521,0.6981606006787421,-0.0401605824674328,0.8521957384767973,0.9629111443916741,False
critical_position,ClassicGP,MVRR_AMB-MVRR_UAMB,final_sampler_p_target,gp,24,0.31304347826086953,0.13636745841746564,0.07182216665886015,0.738754579777638,0.7724427881730861,False
critical_position,ClassicGP,MVRR_AMB-MVRR_UAMB,cumulative_kl,gp,24,0.07043478260869565,0.7436342012968032,0.029247471895061418,0.8920881792785664,0.980396660005651,False
critical_position,ClassicGP,MVRR_AMB-MVRR_UAMB,sampler_cumulative_kl,gp,24,0.09130434782608696,0.671341269564641,0.13942056034590417,0.5158591180669022,0.9629111443916741,False
critical_position,ClassicGP,MVRR_AMB-MVRR_UAMB,steps_taken,tt,24,-0.12118611634494458,0.5726991406538589,0.07769485294568054,0.7182097110124037,0.9454581837031366,False
critical_position,ClassicGP,MVRR_AMB-MVRR_UAMB,final_surprisal,tt,24,0.01652173913043478,0.9389228669455103,-0.06258748962195618,0.7714097447285282,1.0,False
critical_position,ClassicGP,MVRR_AMB-MVRR_UAMB,final_entropy,tt,24,-0.010434782608695651,0.9614038727773804,0.1147853405560502,0.5932844809806818,1.0,False
critical_position,ClassicGP,MVRR_AMB-MVRR_UAMB,final_sampler_entropy,tt,24,0.06434782608695652,0.7651539392008924,0.08086479589728546,0.7071972769513174,0.9832494710692453,False
critical_position,ClassicGP,MVRR_AMB-MVRR_UAMB,final_sampler_p_target,tt,24,0.3652173913043478,0.07927989061008897,-0.11039802250802337,0.6075735740836865,0.7005764798919666,False
critical_position,ClassicGP,MVRR_AMB-MVRR_UAMB,cumulative_kl,tt,24,-0.08695652173913042,0.6861953252985288,0.019766715625197454,0.9269555798714778,0.9629111443916741,False
critical_position,ClassicGP,MVRR_AMB-MVRR_UAMB,sampler_cumulative_kl,tt,24,-0.1226086956521739,0.5681672657020507,-0.005573524061779182,0.9793793265678243,0.9454581837031366,False
critical_position,ClassicGP,MVRR_AMB-MVRR_UAMB,steps_taken,regin,24,-0.2746304075442989,0.19403760189633384,-0.20949120085597073,0.32587098325754354,0.7724427881730861,False
critical_position,ClassicGP,MVRR_AMB-MVRR_UAMB,final_surprisal,regin,24,0.34695652173913033,0.09670236783045817,0.24661242085706628,0.24535506556498665,0.7373556066060333,False
critical_position,ClassicGP,MVRR_AMB-MVRR_UAMB,final_entropy,regin,24,-0.2652173913043478,0.21038389787314837,-0.19663732849794113,0.35708567936145097,0.7724427881730861,False
critical_position,ClassicGP,MVRR_AMB-MVRR_UAMB,final_sampler_entropy,regin,24,0.09913043478260869,0.6449056390307348,0.14281198190174477,0.5055969352263014,0.9629111443916741,False
critical_position,ClassicGP,MVRR_AMB-MVRR_UAMB,final_sampler_p_target,regin,24,0.03652173913043478,0.8654631927363388,-0.2937221293533484,0.16359696620573877,0.9891671285147632,False
critical_position,ClassicGP,MVRR_AMB-MVRR_UAMB,cumulative_kl,regin,24,-0.22434782608695653,0.2919232059452402,-0.11096706392694611,0.6057122184720771,0.8219523991034429,False
critical_position,ClassicGP,MVRR_AMB-MVRR_UAMB,sampler_cumulative_kl,regin,24,-0.25999999999999995,0.2198319601699354,-0.17867901270658954,0.4035099206805194,0.7724427881730861,False
critical_position,ClassicGP,MVRR_AMB-MVRR_UAMB,steps_taken,regout,24,0.04010475792710397,0.8523989940981478,0.10848508146926378,0.6138481881975335,0.9891671285147632,False
critical_position,ClassicGP,MVRR_AMB-MVRR_UAMB,final_surprisal,regout,24,-0.2895652173913043,0.16992018695250977,-0.26999467576701286,0.20197589123029974,0.7724427881730861,False
critical_position,ClassicGP,MVRR_AMB-MVRR_UAMB,final_entropy,regout,24,0.2573913043478261,0.2246604898877397,0.2525082870039977,0.2338867867091332,0.7724427881730861,False
critical_position,ClassicGP,MVRR_AMB-MVRR_UAMB,final_sampler_entropy,regout,24,0.3217391304347825,0.12523945866486338,0.3727794332198212,0.07280496194547043,0.7724427881730861,False
critical_position,ClassicGP,MVRR_AMB-MVRR_UAMB,final_sampler_p_target,regout,24,0.17478260869565218,0.41400702240858334,-0.05482400372488957,0.7991596147168124,0.8731181757038086,False
critical_position,ClassicGP,MVRR_AMB-MVRR_UAMB,cumulative_kl,regout,24,0.22,0.3016203705478416,0.03959842693648077,0.8542429461503518,0.8219523991034429,False
critical_position,ClassicGP,MVRR_AMB-MVRR_UAMB,sampler_cumulative_kl,regout,24,0.23913043478260865,0.260427936802927,0.15942689586805453,0.456807413135692,0.797560556458964,False
critical_position,ClassicGP,NPS_AMB-NPS_UAMB,steps_taken,ffd,24,-0.07321877648633282,0.7338523731347432,0.13780973407967603,0.5207682860255298,0.980396660005651,False
critical_position,ClassicGP,NPS_AMB-NPS_UAMB,final_surprisal,ffd,24,0.3052173913043478,0.14697401734454307,0.11591448174042049,0.5896302798180441,0.7724427881730861,False
critical_position,ClassicGP,NPS_AMB-NPS_UAMB,final_entropy,ffd,24,-0.1391304347826087,0.5167416555162507,0.112076566130629,0.6020898439616303,0.9399802159645294,False
critical_position,ClassicGP,NPS_AMB-NPS_UAMB,final_sampler_entropy,ffd,24,0.006956521739130434,0.9742640605332525,0.022289381140907644,0.9176626098877394,1.0,False
critical_position,ClassicGP,NPS_AMB-NPS_UAMB,final_sampler_p_target,ffd,24,-0.21739130434782608,0.3075332105489072,-0.23303447717315176,0.2731395311474214,0.8219523991034429,False
critical_position,ClassicGP,NPS_AMB-NPS_UAMB,cumulative_kl,ffd,24,-0.03217391304347826,0.8813617120284872,0.14270404111297103,0.5059220080129567,0.9891671285147632,False
critical_position,ClassicGP,NPS_AMB-NPS_UAMB,sampler_cumulative_kl,ffd,24,-0.05652173913043478,0.7930697839291405,0.04332040663749165,0.8407061581315289,0.9832494710692453,False
critical_position,ClassicGP,NPS_AMB-NPS_UAMB,steps_taken,gz,24,0.02440625882877761,0.9098724922375607,0.0018695737362490195,0.9930823995999036,0.9943856965334175,False
critical_position,ClassicGP,NPS_AMB-NPS_UAMB,final_surprisal,gz,24,0.2860869565217391,0.17534039388346917,0.18620963489859904,0.38364800610752847,0.7724427881730861,False
critical_position,ClassicGP,NPS_AMB-NPS_UAMB,final_entropy,gz,24,0.02608695652173913,0.903693217741266,0.04485142394330828,0.8351503378271912,0.9940715889500678,False
critical_position,ClassicGP,NPS_AMB-NPS_UAMB,final_sampler_entropy,gz,24,0.25913043478260867,0.22143371075635887,0.29381488633933556,0.1634577784232809,0.7724427881730861,False
critical_position,ClassicGP,NPS_AMB-NPS_UAMB,final_sampler_p_target,gz,24,-0.2217391304347826,0.29771785747175966,-0.21736871392697715,0.30758472312673557,0.8219523991034429,False
critical_position,ClassicGP,NPS_AMB-NPS_UAMB,cumulative_kl,gz,24,0.12,0.5764898720889464,0.09878065779860068,0.6460785702719125,0.9454581837031366,False
critical_position,ClassicGP,NPS_AMB-NPS_UAMB,sampler_cumulative_kl,gz,24,0.14260869565217388,0.506209233952854,0.07866668634299678,0.7148276386157542,0.9399802159645294,False
critical_position,ClassicGP,NPS_AMB-NPS_UAMB,steps_taken,gp,24,-0.1137505991841242,0.5966416206890774,-0.07667847853420129,0.7217522906307166,0.9531544211638621,False
critical_position,ClassicGP,NPS_AMB-NPS_UAMB,final_surprisal,gp,24,0.2295652173913043,0.28054687940936796,0.23348333561805007,0.27219033199685316,0.8219523991034429,False
critical_position,ClassicGP,NPS_AMB-NPS_UAMB,final_entropy,gp,24,-0.042608695652173914,0.8432913759776878,-0.015478981750396345,0.942771343336575,0.9891671285147632,False
critical_position,ClassicGP,NPS_AMB-NPS_UAMB,final_sampler_entropy,gp,24,0.10782608695652172,0.6160158821815656,0.03010607230022084,0.8889391101445723,0.9597233199474671,False
critical_position,ClassicGP,NPS_AMB-NPS_UAMB,final_sampler_p_target,gp,24,-0.4460869565217391,0.028894442765709728,-0.19780508360008747,0.35417983404914716,0.447103482795719,False
critical_position,ClassicGP,NPS_AMB-NPS_UAMB,cumulative_kl,gp,24,-0.2078260869565217,0.3298186178055177,-0.3804306120145601,0.06667127620488547,0.8420339717772517,False
critical_position,ClassicGP,NPS_AMB-NPS_UAMB,sampler_cumulative_kl,gp,24,-0.13652173913043478,0.5247096194478427,-0.3723421922151602,0.07316801602202264,0.9399802159645294,False
critical_position,ClassicGP,NPS_AMB-NPS_UAMB,steps_taken,tt,24,-0.2614956303083315,0.21709511095112563,-0.27786055255048525,0.18863383007259663,0.7724427881730861,False
critical_position,ClassicGP,NPS_AMB-NPS_UAMB,final_surprisal,tt,24,0.19130434782608693,0.37053280666994315,0.2437117524534847,0.2511295397774176,0.8731181757038086,False
critical_position,ClassicGP,NPS_AMB-NPS_UAMB,final_entropy,tt,24,-0.18086956521739128,0.39767420741690407,-0.19546872801516751,0.36000755842359455,0.8731181757038086,False
critical_position,ClassicGP,NPS_AMB-NPS_UAMB,final_sampler_entropy,tt,24,0.2834782608695652,0.17948344297550767,0.23773768350117916,0.26329802714326267,0.7724427881730861,False
critical_position,ClassicGP,NPS_AMB-NPS_UAMB,final_sampler_p_target,tt,24,-0.11826086956521738,0.5820677933682575,-0.10580539095183857,0.6226821323843649,0.9454581837031366,False
critical_position,ClassicGP,NPS_AMB-NPS_UAMB,cumulative_kl,tt,24,-0.31565217391304345,0.13295721253912648,-0.4879298494049033,0.015571108919688569,0.7724427881730861,False
critical_position,ClassicGP,NPS_AMB-NPS_UAMB,sampler_cumulative_kl,tt,24,-0.29739130434782607,0.15815426059539578,-0.49000397692944736,0.015071760613799775,0.7724427881730861,False
critical_position,ClassicGP,NPS_AMB-NPS_UAMB,steps_taken,regin,24,-0.24275511013623438,0.2530531352653211,-0.10876698421463626,0.6129218546284612,0.791464061361749,False
critical_position,ClassicGP,NPS_AMB-NPS_UAMB,final_surprisal,regin,24,-0.03652173913043478,0.8654631927363388,-0.21311504731189634,0.31737885568615953,0.9891671285147632,False
critical_position,ClassicGP,NPS_AMB-NPS_UAMB,final_entropy,regin,24,-0.16260869565217392,0.44775415138241526,-0.02705641596543233,0.9001313334820717,0.9016419212769183,False
critical_position,ClassicGP,NPS_AMB-NPS_UAMB,final_sampler_entropy,regin,24,0.437391304347826,0.03256619344201191,0.4079387367561278,0.04783336023019243,0.4744945427645431,False
critical_position,ClassicGP,NPS_AMB-NPS_UAMB,final_sampler_p_target,regin,24,0.22869565217391302,0.2824232076363163,0.24942999491941206,0.23982959330378115,0.8219523991034429,False
critical_position,ClassicGP,NPS_AMB-NPS_UAMB,cumulative_kl,regin,24,-0.32,0.12741057282041748,-0.32284600394459695,0.12387168411267652,0.7724427881730861,False
critical_position,ClassicGP,NPS_AMB-NPS_UAMB,sampler_cumulative_kl,regin,24,-0.348695652173913,0.09493011884568246,-0.36013106377768134,0.08387373304801056,0.7373556066060333,False
critical_position,ClassicGP,NPS_AMB-NPS_UAMB,steps_taken,regout,24,-0.3438667538554559,0.09991147358005661,-0.2834549236938325,0.17952080895360795,0.7373556066060333,False
critical_position,ClassicGP,NPS_AMB-NPS_UAMB,final_surprisal,regout,24,0.11826086956521738,0.5820677933682575,0.19562333802013543,0.3596201843701229,0.9454581837031366,False
critical_position,ClassicGP,NPS_AMB-NPS_UAMB,final_entropy,regout,24,-0.3017391304347826,0.15187145311574088,-0.28300630704062635,0.18024015020138373,0.7724427881730861,False
critical_position,ClassicGP,NPS_AMB-NPS_UAMB,final_sampler_entropy,regout,24,-0.034782608695652174,0.8718168719786574,-0.11761589852759645,0.5841423531083049,0.9891671285147632,False
critical_position,ClassicGP,NPS_AMB-NPS_UAMB,final_sampler_p_target,regout,24,-0.06782608695652173,0.7528351863688199,-0.1578727592425702,0.46126394013578953,0.9832494710692453,False
critical_position,ClassicGP,NPS_AMB-NPS_UAMB,cumulative_kl,regout,24,-0.4591304347826086,0.024015134743792042,-0.5122768037005324,0.010488279000196875,0.41532056556910946,False
critical_position,ClassicGP,NPS_AMB-NPS_UAMB,sampler_cumulative_kl,regout,24,-0.48086956521739127,0.017373241582602485,-0.5392737551704878,0.006539913004019097,0.34051553501900866,False
critical_position,ClassicGP,NPZ_AMB-NPZ_UAMB,steps_taken,ffd,24,-0.24657534829473715,0.2454283162799098,-0.16337307856977834,0.44559345484499546,0.7843035324597117,False
critical_position,ClassicGP,NPZ_AMB-NPZ_UAMB,final_surprisal,ffd,24,0.21826086956521737,0.30555439158449416,0.0939994776387285,0.6621927048145249,0.8219523991034429,False
critical_position,ClassicGP,NPZ_AMB-NPZ_UAMB,final_entropy,ffd,24,-0.1782608695652174,0.4046292620718748,-0.08259275354148102,0.7012180691251554,0.8731181757038086,False
critical_position,ClassicGP,NPZ_AMB-NPZ_UAMB,final_sampler_entropy,ffd,24,0.268695652173913,0.2042392593734892,0.33327345777161027,0.11151418457686788,0.7724427881730861,False
critical_position,ClassicGP,NPZ_AMB-NPZ_UAMB,final_sampler_p_target,ffd,24,-0.2904347826086956,0.1685835887354832,-0.49266342653216477,0.014450743429159946,0.7724427881730861,False
critical_position,ClassicGP,NPZ_AMB-NPZ_UAMB,cumulative_kl,ffd,24,-0.2791304347826086,0.18653796075704562,-0.1536549105993806,0.47347169528919225,0.7724427881730861,False
critical_position,ClassicGP,NPZ_AMB-NPZ_UAMB,sampler_cumulative_kl,ffd,24,-0.11478260869565216,0.5932933336915411,-0.04466363971334852,0.8358313711555644,0.9531544211638621,False
critical_position,ClassicGP,NPZ_AMB-NPZ_UAMB,steps_taken,gz,24,-0.05566427615824754,0.7961440875790607,0.08433679504795547,0.695200607184193,0.9832494710692453,False
critical_position,ClassicGP,NPZ_AMB-NPZ_UAMB,final_surprisal,gz,24,0.1034782608695652,0.6303950708493536,-0.03948752487246654,0.8546469275876689,0.9597233199474671,False
critical_position,ClassicGP,NPZ_AMB-NPZ_UAMB,final_entropy,gz,24,-0.002608695652173913,0.9903476848039034,0.16123896407322758,0.45163980917578456,1.0,False
critical_position,ClassicGP,NPZ_AMB-NPZ_UAMB,final_sampler_entropy,gz,24,0.1973913043478261,0.3552078904108176,0.37391503287425093,0.0718684411881719,0.8731181757038086,False
critical_position,ClassicGP,NPZ_AMB-NPZ_UAMB,final_sampler_p_target,gz,24,-0.12347826086956522,0.5654049951421966,-0.5480537471389891,0.005561891881516403,0.9454581837031366,False
critical_position,ClassicGP,NPZ_AMB-NPZ_UAMB,cumulative_kl,gz,24,0.049565217391304345,0.8180937896030709,0.11892517214623456,0.5799344063132462,0.9891671285147632,False
critical_position,ClassicGP,NPZ_AMB-NPZ_UAMB,sampler_cumulative_kl,gz,24,-0.014782608695652172,0.9453421257736343,0.12470847528774803,0.5615073674932936,1.0,False
critical_position,ClassicGP,NPZ_AMB-NPZ_UAMB,steps_taken,gp,24,-0.604044371748483,0.0017732703226765348,-0.6259158846418719,0.0010696110592393444,0.0844786745030057,False
critical_position,ClassicGP,NPZ_AMB-NPZ_UAMB,final_surprisal,gp,24,0.6069565217391303,0.0016613144755187744,0.5734062393771009,0.0033977436821570543,0.0844786745030057,False
critical_position,ClassicGP,NPZ_AMB-NPZ_UAMB,final_entropy,gp,24,-0.5930434782608696,0.002256205841038741,-0.5877176389722893,0.002527573546263809,0.0844786745030057,False
critical_position,ClassicGP,NPZ_AMB-NPZ_UAMB,final_sampler_entropy,gp,24,-0.2278260869565217,0.28430742700718314,0.10422696915105997,0.627909445146341,0.8219523991034429,False
critical_position,ClassicGP,NPZ_AMB-NPZ_UAMB,final_sampler_p_target,gp,24,-0.19391304347826085,0.3639188559293709,0.03884404940465615,0.8569916032062186,0.8731181757038086,False
critical_position,ClassicGP,NPZ_AMB-NPZ_UAMB,cumulative_kl,gp,24,-0.54,0.006453914474239906,-0.45634325298157286,0.024997536030843627,0.21082787282517026,False
critical_position,ClassicGP,NPZ_AMB-NPZ_UAMB,sampler_cumulative_kl,gp,24,-0.5260869565217391,0.008275921894264552,-0.40294256118520055,0.0509021019355395,0.22119282153761619,False
critical_position,ClassicGP,NPZ_AMB-NPZ_UAMB,steps_taken,tt,24,-0.4344422803288226,0.03389246734032451,-0.44545208050395174,0.02915077439659457,0.4744945427645431,False
critical_position,ClassicGP,NPZ_AMB-NPZ_UAMB,final_surprisal,tt,24,0.4243478260869564,0.038760097639367115,0.4216467698122218,0.04015190838978548,0.5081752893260847,False
critical_position,ClassicGP,NPZ_AMB-NPZ_UAMB,final_entropy,tt,24,-0.38869565217391305,0.060498404649825734,-0.42624052112278793,0.03780773054298152,0.6133286540361643,False
critical_position,ClassicGP,NPZ_AMB-NPZ_UAMB,final_sampler_entropy,tt,24,-0.0608695652173913,0.7775281884531549,0.010431878380175036,0.9614146071321426,0.9832494710692453,False
critical_position,ClassicGP,NPZ_AMB-NPZ_UAMB,final_sampler_p_target,tt,24,0.0,1.0,0.09738285650881656,0.6507740639377877,1.0,False
critical_position,ClassicGP,NPZ_AMB-NPZ_UAMB,cumulative_kl,tt,24,-0.25478260869565217,0.22955896419421634,-0.21933733202150021,0.3031156522963814,0.7724427881730861,False
critical_position,ClassicGP,NPZ_AMB-NPZ_UAMB,sampler_cumulative_kl,tt,24,-0.18086956521739128,0.39767420741690407,-0.16339595593895356,0.44552887220619725,0.8731181757038086,False
critical_position,ClassicGP,NPZ_AMB-NPZ_UAMB,steps_taken,regin,24,-0.07045009951278206,0.7435802769378832,-0.06718326165472827,0.7551075364790507,0.980396660005651,False
critical_position,ClassicGP,NPZ_AMB-NPZ_UAMB,final_surprisal,regin,24,-0.017391304347826087,0.9357145967179171,0.08374528397236708,0.6972395173802473,1.0,False
critical_position,ClassicGP,NPZ_AMB-NPZ_UAMB,final_entropy,regin,24,0.029565217391304344,0.8909226043767046,-0.05888717594965144,0.7846044890925774,0.9891671285147632,False
critical_position,ClassicGP,NPZ_AMB-NPZ_UAMB,final_sampler_entropy,regin,24,0.16869565217391302,0.43070226172098125,0.014091144250203927,0.9478953111507058,0.877151682078006,False
critical_position,ClassicGP,NPZ_AMB-NPZ_UAMB,final_sampler_p_target,regin,24,0.17130434782608694,0.42350313678440454,0.244902185585889,0.24874912563047208,0.8768304381310911,False
critical_position,ClassicGP,NPZ_AMB-NPZ_UAMB,cumulative_kl,regin,24,-0.1026086956521739,0.6332868165639749,0.04136393376415126,0.84781660904797,0.9597233199474671,False
critical_position,ClassicGP,NPZ_AMB-NPZ_UAMB,sampler_cumulative_kl,regin,24,-0.004347826086956522,0.9839134567350358,0.1073446675693499,0.6176014336847975,1.0,False
critical_position,ClassicGP,NPZ_AMB-NPZ_UAMB,steps_taken,regout,24,-0.2761469950038062,0.19148747089191112,-0.23743383386050443,0.2639268664696759,0.7724427881730861,False
critical_position,ClassicGP,NPZ_AMB-NPZ_UAMB,final_surprisal,regout,24,0.24695652173913044,0.244675845945762,0.16170625731815175,0.4503122018179505,0.7843035324597117,False
critical_position,ClassicGP,NPZ_AMB-NPZ_UAMB,final_entropy,regout,24,-0.2626086956521739,0.21507317009837812,-0.22631979536630562,0.28759001119814,0.7724427881730861,False
critical_position,ClassicGP,NPZ_AMB-NPZ_UAMB,final_sampler_entropy,regout,24,-0.011304347826086955,0.958190162801108,0.07164839571626905,0.7393652247696898,1.0,False
critical_position,ClassicGP,NPZ_AMB-NPZ_UAMB,final_sampler_p_target,regout,24,-0.4060869565217391,0.048953428980557864,-0.061718917649264404,0.7745015641057501,0.5330484488994078,False
critical_position,ClassicGP,NPZ_AMB-NPZ_UAMB,cumulative_kl,regout,24,-0.25652173913043474,0.22628553340548088,-0.11881381555635742,0.5802917865694553,0.7724427881730861,False
critical_position,ClassicGP,NPZ_AMB-NPZ_UAMB,sampler_cumulative_kl,regout,24,-0.18,0.399985075450615,-0.04822397385952931,0.8229391927872474,0.8731181757038086,False
critical_position,RelativeClause,RC_Obj-RC_Subj,steps_taken,ffd,24,0.1383812534535573,0.5190239611984,0.09611635830970373,0.655039647842692,0.9399802159645294,False
critical_position,RelativeClause,RC_Obj-RC_Subj,final_surprisal,ffd,24,0.47391304347826085,0.019311580010082523,0.37438058930582396,0.07148716235280891,0.35485028268526636,False
critical_position,RelativeClause,RC_Obj-RC_Subj,final_entropy,ffd,24,0.17304347826086955,0.4187403495722347,0.07968641437650306,0.7112844794725148,0.8731181757038086,False
critical_position,RelativeClause,RC_Obj-RC_Subj,final_sampler_entropy,ffd,24,0.07043478260869565,0.7436342012968032,0.040206375112996184,0.8520290155238812,0.980396660005651,False
critical_position,RelativeClause,RC_Obj-RC_Subj,final_sampler_p_target,ffd,24,-0.3643478260869565,0.080051467559328,-0.3404020916828862,0.1036030972818828,0.7005764798919666,False
critical_position,RelativeClause,RC_Obj-RC_Subj,cumulative_kl,ffd,24,0.20347826086956516,0.3402613966398863,0.28472735391136594,0.1774913132028264,0.855015817197663,False
critical_position,RelativeClause,RC_Obj-RC_Subj,sampler_cumulative_kl,ffd,24,0.16,0.455169720215426,0.19932919119383571,0.35040820947680984,0.910339440430852,False
critical_position,RelativeClause,RC_Obj-RC_Subj,steps_taken,gz,24,0.3167973349502821,0.13147974037115095,0.39211929325850986,0.05807439337917416,0.7724427881730861,False
critical_position,RelativeClause,RC_Obj-RC_Subj,final_surprisal,gz,24,0.7365217391304346,4.065277793032387e-05,0.7717070228580029,1.0057514832307356e-05,0.011951916711515216,True
critical_position,RelativeClause,RC_Obj-RC_Subj,final_entropy,gz,24,0.25217391304347825,0.2345275709216195,0.29796185894664406,0.15731952023853374,0.7747315264152373,False
critical_position,RelativeClause,RC_Obj-RC_Subj,final_sampler_entropy,gz,24,-0.09826086956521737,0.6478231237133647,-0.004958980068853008,0.9816525929395028,0.9629111443916741,False
critical_position,RelativeClause,RC_Obj-RC_Subj,final_sampler_p_target,gz,24,-0.5921739130434782,0.0022987394422586582,-0.5273582547970473,0.008093436063337355,0.0844786745030057,False
critical_position,RelativeClause,RC_Obj-RC_Subj,cumulative_kl,gz,24,0.4060869565217391,0.048953428980557864,0.5495865403005947,0.00540441507110148,0.5330484488994078,False
critical_position,RelativeClause,RC_Obj-RC_Subj,sampler_cumulative_kl,gz,24,0.37652173913043474,0.06975342004393108,0.5031282075738926,0.01220705564896836,0.6615324352553463,False
critical_position,RelativeClause,RC_Obj-RC_Subj,steps_taken,gp,24,0.2428199353052987,0.25292248567537806,0.2749648974830905,0.1934731777623483,0.791464061361749,False
critical_position,RelativeClause,RC_Obj-RC_Subj,final_surprisal,gp,24,0.6182608695652172,0.0012820186402465344,0.5438768168431654,0.006010660950050864,0.0844786745030057,False
critical_position,RelativeClause,RC_Obj-RC_Subj,final_entropy,gp,24,0.12,0.5764898720889464,0.11953313349538096,0.5779849511359535,0.9454581837031366,False
critical_position,RelativeClause,RC_Obj-RC_Subj,final_sampler_entropy,gp,24,-0.25478260869565217,0.22955896419421634,-0.24603610094048878,0.24649541362335314,0.7724427881730861,False
critical_position,RelativeClause,RC_Obj-RC_Subj,final_sampler_p_target,gp,24,-0.3947826086956522,0.05624113516523863,-0.25377906726507843,0.2314620318935763,0.5905319192350057,False
critical_position,RelativeClause,RC_Obj-RC_Subj,cumulative_kl,gp,24,0.33999999999999997,0.10403796669819437,0.5860913555923265,0.0026157675553064616,0.7460283465675401,False
critical_position,RelativeClause,RC_Obj-RC_Subj,sampler_cumulative_kl,gp,24,0.29130434782608694,0.16725434336435271,0.5100099319418918,0.010894282897823977,0.7724427881730861,False
critical_position,RelativeClause,RC_Obj-RC_Subj,steps_taken,tt,24,0.30635346676510805,0.14539901580301073,0.3306884245858631,0.11448965773373619,0.7724427881730861,False
critical_position,RelativeClause,RC_Obj-RC_Subj,final_surprisal,tt,24,0.6808695652173912,0.0002501749680520709,0.7249101708738674,6.15228465694959e-05,0.03677572030365442,True
critical_position,RelativeClause,RC_Obj-RC_Subj,final_entropy,tt,24,0.22347826086956518,0.2938468714348546,0.23404701497732563,0.2710012987205473,0.8219523991034429,False
critical_position,RelativeClause,RC_Obj-RC_Subj,final_sampler_entropy,tt,24,-0.05739130434782608,0.7899551413098405,-0.025729279110833447,0.9050078167602833,0.9832494710692453,False
critical_position,RelativeClause,RC_Obj-RC_Subj,final_sampler_p_target,tt,24,-0.5260869565217391,0.008275921894264552,-0.4524871778701684,0.026409732089619,0.22119282153761619,False
critical_position,RelativeClause,RC_Obj-RC_Subj,cumulative_kl,tt,24,0.5199999999999999,0.009197719807264302,0.4909000042568906,0.014860133166403177,0.2253441352779754,False
critical_position,RelativeClause,RC_Obj-RC_Subj,sampler_cumulative_kl,tt,24,0.48869565217391303,0.015385189767333836,0.4921383206874185,0.014571672027121346,0.3230889851140106,False
critical_position,RelativeClause,RC_Obj-RC_Subj,steps_taken,regin,24,0.16800874092170556,0.4326088227935744,0.19503708521678084,0.3610903245592051,0.877151682078006,False
critical_position,RelativeClause,RC_Obj-RC_Subj,final_surprisal,regin,24,0.26918896048402524,0.20337772682093994,0.2829828309978959,0.1802778479536836,0.7724427881730861,False
critical_position,RelativeClause,RC_Obj-RC_Subj,final_entropy,regin,24,0.17916938888435927,0.402199415908327,0.22797200239516394,0.28399069883802136,0.8731181757038086,False
critical_position,RelativeClause,RC_Obj-RC_Subj,final_sampler_entropy,regin,24,0.13263753303332423,0.5366808123730071,0.1660872507779204,0.43796607849355007,0.9399802159645294,False
critical_position,RelativeClause,RC_Obj-RC_Subj,final_sampler_p_target,regin,24,-0.350510988933965,0.09310613194159674,-0.17335610752298236,0.41788730232504956,0.7373556066060333,False
critical_position,RelativeClause,RC_Obj-RC_Subj,cumulative_kl,regin,24,0.15699065385255753,0.4638034103662835,0.052964563900846834,0.8058425310695123,0.9151557224677003,False
critical_position,RelativeClause,RC_Obj-RC_Subj,sampler_cumulative_kl,regin,24,0.14307458481299565,0.5048065116624989,0.12311085883103534,0.5665713562476752,0.9399802159645294,False
critical_position,RelativeClause,RC_Obj-RC_Subj,steps_taken,regout,24,0.023498703416641807,0.913211353959261,0.014042828181581535,0.9480737338287941,0.9943856965334175,False
critical_position,RelativeClause,RC_Obj-RC_Subj,final_surprisal,regout,24,-0.01652173913043478,0.9389228669455103,-0.0668897214877587,0.7561458409745831,1.0,False
critical_position,RelativeClause,RC_Obj-RC_Subj,final_entropy,regout,24,0.04521739130434782,0.8338234219848106,0.06998875009220365,0.7452050055245943,0.9891671285147632,False
critical_position,RelativeClause,RC_Obj-RC_Subj,final_sampler_entropy,regout,24,0.16869565217391302,0.43070226172098125,0.17902993845291484,0.4025718481600574,0.877151682078006,False
critical_position,RelativeClause,RC_Obj-RC_Subj,final_sampler_p_target,regout,24,0.17478260869565218,0.41400702240858334,0.06619484900843287,0.7586053598656092,0.8731181757038086,False
critical_position,RelativeClause,RC_Obj-RC_Subj,cumulative_kl,regout,24,0.17478260869565218,0.41400702240858334,0.3057488141582809,0.14623577496992407,0.8731181757038086,False
critical_position,RelativeClause,RC_Obj-RC_Subj,sampler_cumulative_kl,regout,24,0.15739130434782608,0.46264909166367674,0.26483969188900186,0.21105853812404596,0.9151557224677003,False
critical_position,AttachmentAmbiguity,AttachHigh-AttachMulti,steps_taken,ffd,24,-0.1799550168679718,0.400104821876452,-0.21871724165616208,0.30451900156816636,0.8731181757038086,False
critical_position,AttachmentAmbiguity,AttachHigh-AttachMulti,final_surprisal,ffd,24,0.046956521739130425,0.8275237958648594,0.06386155374596567,0.766880626535362,0.9891671285147632,False
critical_position,AttachmentAmbiguity,AttachHigh-AttachMulti,final_entropy,ffd,24,-0.41913043478260864,0.04148369708784365,-0.21444693412885663,0.31429194633328805,0.5081752893260847,False
critical_position,AttachmentAmbiguity,AttachHigh-AttachMulti,final_sampler_entropy,ffd,24,0.05652173913043478,0.7930697839291405,0.09114470482059397,0.6718846136984804,0.9832494710692453,False
critical_position,AttachmentAmbiguity,AttachHigh-AttachMulti,final_sampler_p_target,ffd,24,0.2695652173913043,0.20272227336292598,0.15164019982167354,0.47936061979715394,0.7724427881730861,False
critical_position,AttachmentAmbiguity,AttachHigh-AttachMulti,cumulative_kl,ffd,24,-0.3008695652173913,0.15311364746090095,-0.45579302862555165,0.025195242201577924,0.7724427881730861,False
critical_position,AttachmentAmbiguity,AttachHigh-AttachMulti,sampler_cumulative_kl,ffd,24,-0.08,0.7101960521957591,-0.4559656769728715,0.025133071418496876,0.9651187119582714,False
critical_position,AttachmentAmbiguity,AttachHigh-AttachMulti,steps_taken,gz,24,0.2699325253019577,0.20208379091994094,0.23833196147835545,0.262070906039628,0.7724427881730861,False
critical_position,AttachmentAmbiguity,AttachHigh-AttachMulti,final_surprisal,gz,24,-0.13043478260869562,0.5435259752175851,-0.25890134861539915,0.2218569811216437,0.9399802159645294,False
critical_position,AttachmentAmbiguity,AttachHigh-AttachMulti,final_entropy,gz,24,0.08434782608695651,0.6951626031358499,0.30289463115859927,0.1502318549016418,0.9629111443916741,False
critical_position,AttachmentAmbiguity,AttachHigh-AttachMulti,final_sampler_entropy,gz,24,-0.04608695652173912,0.8306723439322352,0.04519768520134643,0.8338948607318643,0.9891671285147632,False
critical_position,AttachmentAmbiguity,AttachHigh-AttachMulti,final_sampler_p_target,gz,24,-0.013913043478260868,0.9485530177017847,-0.19832124809597332,0.352899849248131,1.0,False
critical_position,AttachmentAmbiguity,AttachHigh-AttachMulti,cumulative_kl,gz,24,0.32434782608695645,0.12203323885388005,0.12339187990370727,0.5656791252067077,0.7724427881730861,False
critical_position,AttachmentAmbiguity,AttachHigh-AttachMulti,sampler_cumulative_kl,gz,24,0.42,0.0410196000141129,0.10058597097799932,0.6400335347894827,0.5081752893260847,False
critical_position,AttachmentAmbiguity,AttachHigh-AttachMulti,steps_taken,gp,24,-0.08897775834027495,0.67927547896185,-0.29042942767407615,0.1685917972254522,0.9629111443916741,False
critical_position,AttachmentAmbiguity,AttachHigh-AttachMulti,final_surprisal,gp,24,0.3052173913043478,0.14697401734454307,0.2491174913459469,0.24043837993478387,0.7724427881730861,False
critical_position,AttachmentAmbiguity,AttachHigh-AttachMulti,final_entropy,gp,24,0.13391304347826086,0.5327356259700111,-0.20628494013944693,0.3334978911208384,0.9399802159645294,False
critical_position,AttachmentAmbiguity,AttachHigh-AttachMulti,final_sampler_entropy,gp,24,0.2860869565217391,0.17534039388346917,0.19983478225553464,0.34916230372698764,0.7724427881730861,False
critical_position,AttachmentAmbiguity,AttachHigh-AttachMulti,final_sampler_p_target,gp,24,-0.13478260869565215,0.5300538865453848,-0.16280054416638823,0.44721132956345266,0.9399802159645294,False
critical_position,AttachmentAmbiguity,AttachHigh-AttachMulti,cumulative_kl,gp,24,-0.0008695652173913043,0.9967824967252694,-0.37065294422864287,0.07458359348599586,1.0,False
critical_position,AttachmentAmbiguity,AttachHigh-AttachMulti,sampler_cumulative_kl,gp,24,-0.1034782608695652,0.6303950708493536,-0.37473946196129915,0.07119430788323075,0.9597233199474671,False
critical_position,AttachmentAmbiguity,AttachHigh-AttachMulti,steps_taken,tt,24,0.4548862926384843,0.02552379210854956,0.26210046828298134,0.2159948202803098,0.4168886044396428,False
critical_position,AttachmentAmbiguity,AttachHigh-AttachMulti,final_surprisal,tt,24,0.1269565217391304,0.5544163873133454,-0.11189636743177643,0.6026775503834232,0.942187386532506,False
critical_position,AttachmentAmbiguity,AttachHigh-AttachMulti,final_entropy,tt,24,0.2539130434782608,0.23120736516745433,0.24504267128442903,0.2484691788379984,0.7724427881730861,False
critical_position,AttachmentAmbiguity,AttachHigh-AttachMulti,final_sampler_entropy,tt,24,-0.1434782608695652,0.5035926462175362,-0.08591654201817965,0.6897653671965445,0.9399802159645294,False
critical_position,AttachmentAmbiguity,AttachHigh-AttachMulti,final_sampler_p_target,tt,24,-0.10434782608695652,0.6275085807240485,0.03360932763026749,0.8761076697890924,0.9597233199474671,False
critical_position,AttachmentAmbiguity,AttachHigh-AttachMulti,cumulative_kl,tt,24,0.49478260869565216,0.013971033061045203,-0.031452248560818706,0.8840050669528303,0.3159602861497915,False
critical_position,AttachmentAmbiguity,AttachHigh-AttachMulti,sampler_cumulative_kl,tt,24,0.40782608695652167,0.04790092056917202,-0.09470834759280229,0.6597941621420661,0.5330484488994078,False
critical_position,AttachmentAmbiguity,AttachHigh-AttachMulti,steps_taken,regin,24,0.21494627014785522,0.3131393857927559,0.17340386985370565,0.4177570608326354,0.8293962110186507,False
critical_position,AttachmentAmbiguity,AttachHigh-AttachMulti,final_surprisal,regin,24,-0.17739130434782607,0.40696255139715687,-0.20884297562046633,0.3274043793966869,0.8731181757038086,False
critical_position,AttachmentAmbiguity,AttachHigh-AttachMulti,final_entropy,regin,24,0.034782608695652174,0.8718168719786574,0.07705458145890193,0.7204407300339271,0.9891671285147632,False
critical_position,AttachmentAmbiguity,AttachHigh-AttachMulti,final_sampler_entropy,regin,24,-0.10782608695652172,0.6160158821815656,-0.09591689466112643,0.6557124037679442,0.9597233199474671,False
critical_position,AttachmentAmbiguity,AttachHigh-AttachMulti,final_sampler_p_target,regin,24,0.3313043478260869,0.11377549347480266,0.48780510590434556,0.015601566960438542,0.7602271609452722,False
critical_position,AttachmentAmbiguity,AttachHigh-AttachMulti,cumulative_kl,regin,24,-0.03130434782608695,0.884546955655295,-0.1428727837328459,0.5054138704204945,0.9891671285147632,False
critical_position,AttachmentAmbiguity,AttachHigh-AttachMulti,sampler_cumulative_kl,regin,24,0.004347826086956522,0.9839134567350358,-0.17641593261254448,0.4095886066281395,1.0,False
critical_position,AttachmentAmbiguity,AttachHigh-AttachMulti,steps_taken,regout,24,-0.11699619768536182,0.5861386398329189,0.04218168496336848,0.8448432047161393,0.9468393412685614,False
critical_position,AttachmentAmbiguity,AttachHigh-AttachMulti,final_surprisal,regout,24,0.21222005285331874,0.3194635256578101,0.034705584479212986,0.8720984504565643,0.8385917548517515,False
critical_position,AttachmentAmbiguity,AttachHigh-AttachMulti,final_entropy,regout,24,0.17308110867955098,0.41863761995093385,0.03307493731691338,0.8780631151285252,0.8731181757038086,False
critical_position,AttachmentAmbiguity,AttachHigh-AttachMulti,final_sampler_entropy,regout,24,0.10611002642665937,0.6216752836905352,0.0356999639667477,0.8684644542374355,0.9597233199474671,False
critical_position,AttachmentAmbiguity,AttachHigh-AttachMulti,final_sampler_p_target,regout,24,0.0004348771574863089,0.998390895478596,0.16975769838579652,0.4277634366720192,1.0,False
critical_position,AttachmentAmbiguity,AttachHigh-AttachMulti,cumulative_kl,regout,24,-0.11045879800152247,0.6073746620232683,-0.04145992970833495,0.8474674554712953,0.9597233199474671,False
critical_position,AttachmentAmbiguity,AttachHigh-AttachMulti,sampler_cumulative_kl,regout,24,-0.12307023556862544,0.5667003854361811,-0.033750272682897826,0.8755920392425844,0.9454581837031366,False
critical_position,AttachmentAmbiguity,AttachLow-AttachMulti,steps_taken,ffd,24,0.1317431979724245,0.5394551365844813,0.0665707548596334,0.7572745478080731,0.9399802159645294,False
critical_position,AttachmentAmbiguity,AttachLow-AttachMulti,final_surprisal,ffd,24,0.1060869565217391,0.6217515088671185,0.0949094124390157,0.6591144265235279,0.9597233199474671,False
critical_position,AttachmentAmbiguity,AttachLow-AttachMulti,final_entropy,ffd,24,0.0,1.0,0.06704139218043072,0.7556093031348871,1.0,False
critical_position,AttachmentAmbiguity,AttachLow-AttachMulti,final_sampler_entropy,ffd,24,-0.054782608695652164,0.799308243488264,-0.06897128741273845,0.7487919104039626,0.9832494710692453,False
critical_position,AttachmentAmbiguity,AttachLow-AttachMulti,final_sampler_p_target,ffd,24,-0.1408695652173913,0.511462281884675,-0.27335471429910674,0.19620054009377225,0.9399802159645294,False
critical_position,AttachmentAmbiguity,AttachLow-AttachMulti,cumulative_kl,ffd,24,-0.24086956521739128,0.2568724180084135,-0.33240179042830126,0.11251109697263895,0.7949525357313008,False
critical_position,AttachmentAmbiguity,AttachLow-AttachMulti,sampler_cumulative_kl,ffd,24,-0.14782608695652172,0.49061007074296015,-0.23261874059774512,0.274020562727591,0.9399802159645294,False
critical_position,AttachmentAmbiguity,AttachLow-AttachMulti,steps_taken,gz,24,0.17723725194851356,0.407376694187932,0.1200461263778968,0.5763422505119828,0.8731181757038086,False
critical_position,AttachmentAmbiguity,AttachLow-AttachMulti,final_surprisal,gz,24,0.033913043478260865,0.8749966229566861,-0.25775568927326464,0.22398183844068822,0.9891671285147632,False
critical_position,AttachmentAmbiguity,AttachLow-AttachMulti,final_entropy,gz,24,0.2573913043478261,0.2246604898877397,0.13761456588389165,0.521364598094304,0.7724427881730861,False
critical_position,AttachmentAmbiguity,AttachLow-AttachMulti,final_sampler_entropy,gz,24,-0.027826086956521737,0.8973048186218164,-0.15440270497709307,0.4712953777799963,0.9917579574241129,False
critical_position,AttachmentAmbiguity,AttachLow-AttachMulti,final_sampler_p_target,gz,24,-0.17913043478260868,0.40230343183605966,-0.1097602494533136,0.6096625684701911,0.8731181757038086,False
critical_position,AttachmentAmbiguity,AttachLow-AttachMulti,cumulative_kl,gz,24,0.21826086956521737,0.30555439158449416,0.11045784795649666,0.607377771216846,0.8219523991034429,False
critical_position,AttachmentAmbiguity,AttachLow-AttachMulti,sampler_cumulative_kl,gz,24,0.2834782608695652,0.17948344297550767,0.1925124484291589,0.3674612707789964,0.7724427881730861,False
critical_position,AttachmentAmbiguity,AttachLow-AttachMulti,steps_taken,gp,24,0.029381576526224168,0.8915962212803137,0.01550633645626115,0.9426703698268506,0.9891671285147632,False
critical_position,AttachmentAmbiguity,AttachLow-AttachMulti,final_surprisal,gp,24,-0.2504347826086956,0.23787902276971348,-0.1874806494070253,0.3803515947405385,0.777071474381064,False
critical_position,AttachmentAmbiguity,AttachLow-AttachMulti,final_entropy,gp,24,0.09478260869565217,0.659543078769137,0.06505245844514193,0.7626538117267403,0.9629111443916741,False
critical_position,AttachmentAmbiguity,AttachLow-AttachMulti,final_sampler_entropy,gp,24,0.19304347826086957,0.36611583497113953,0.2630879631885828,0.21420645481095058,0.8731181757038086,False
critical_position,AttachmentAmbiguity,AttachLow-AttachMulti,final_sampler_p_target,gp,24,0.23130434782608694,0.2768178964626149,0.0010000499351157759,0.9962996894767431,0.8219523991034429,False
critical_position,AttachmentAmbiguity,AttachLow-AttachMulti,cumulative_kl,gp,24,-0.004347826086956522,0.9839134567350358,-0.23254921385511168,0.2741680802534283,1.0,False
critical_position,AttachmentAmbiguity,AttachLow-AttachMulti,sampler_cumulative_kl,gp,24,0.0634782608695652,0.768242407223753,-0.08130585725143258,0.7056694700438376,0.9832494710692453,False
critical_position,AttachmentAmbiguity,AttachLow-AttachMulti,steps_taken,tt,24,0.22178351313343403,0.29761867761575567,0.39012707459857743,0.059475622057411484,0.8219523991034429,False
critical_position,AttachmentAmbiguity,AttachLow-AttachMulti,final_surprisal,tt,24,-0.08173913043478259,0.7041697144360882,-0.3693082332904411,0.07572524016678982,0.9629111443916741,False
critical_position,AttachmentAmbiguity,AttachLow-AttachMulti,final_entropy,tt,24,0.2965217391304348,0.15943245327776362,0.34277249625691214,0.10106671343779772,0.7724427881730861,False
critical_position,AttachmentAmbiguity,AttachLow-AttachMulti,final_sampler_entropy,tt,24,-0.18086956521739128,0.39767420741690407,-0.323759268107184,0.12275134024084869,0.8731181757038086,False
critical_position,AttachmentAmbiguity,AttachLow-AttachMulti,final_sampler_p_target,tt,24,-0.06695652173913043,0.7559095203776366,-0.05768973509531641,0.78888692671667,0.9832494710692453,False
critical_position,AttachmentAmbiguity,AttachLow-AttachMulti,cumulative_kl,tt,24,0.34956521739130436,0.0940531188359595,0.3600243573704116,0.08397220624703766,0.7373556066060333,False
critical_position,AttachmentAmbiguity,AttachLow-AttachMulti,sampler_cumulative_kl,tt,24,0.3347826086956522,0.10980353592186971,0.2878738623928558,0.17254106214070572,0.7507497572332488,False
critical_position,AttachmentAmbiguity,AttachLow-AttachMulti,steps_taken,regin,24,-0.11278734214905407,0.5997740405282805,-0.021303452318428624,0.9212933853658192,0.9531544211638621,False
critical_position,AttachmentAmbiguity,AttachLow-AttachMulti,final_surprisal,regin,24,0.09391304347826085,0.6624853858393347,0.1399344772657648,0.5142976132874464,0.9629111443916741,False
critical_position,AttachmentAmbiguity,AttachLow-AttachMulti,final_entropy,regin,24,-0.22,0.3016203705478416,-0.08683967697812553,0.686596107045274,0.8219523991034429,False
critical_position,AttachmentAmbiguity,AttachLow-AttachMulti,final_sampler_entropy,regin,24,-0.17304347826086955,0.4187403495722347,-0.183900840000984,0.3896773524847702,0.8731181757038086,False
critical_position,AttachmentAmbiguity,AttachLow-AttachMulti,final_sampler_p_target,regin,24,-0.13826086956521738,0.5193911494591459,-0.1869599598113595,0.3817000558003641,0.9399802159645294,False
critical_position,AttachmentAmbiguity,AttachLow-AttachMulti,cumulative_kl,regin,24,-0.041739130434782605,0.8464521133997218,-0.005399246431709387,0.9800239837724477,0.9891671285147632,False
critical_position,AttachmentAmbiguity,AttachLow-AttachMulti,sampler_cumulative_kl,regin,24,-0.08521739130434783,0.692169031649988,-0.07590079543918175,0.7244666674687406,0.9629111443916741,False
critical_position,AttachmentAmbiguity,AttachLow-AttachMulti,steps_taken,regout,24,0.06160653142595391,0.7749018648422956,-0.09847810443784635,0.6470938038117872,0.9832494710692453,False
critical_position,AttachmentAmbiguity,AttachLow-AttachMulti,final_surprisal,regout,24,-0.34347826086956523,0.10032049069469841,0.015819915636043888,0.9415129270838669,0.7373556066060333,False
critical_position,AttachmentAmbiguity,AttachLow-AttachMulti,final_entropy,regout,24,0.05217391304347826,0.8086881976469136,-0.09946400621029351,0.6437878159536174,0.9865324900754879,False
critical_position,AttachmentAmbiguity,AttachLow-AttachMulti,final_sampler_entropy,regout,24,-0.054782608695652164,0.799308243488264,0.0019657465478357533,0.9927265600050581,0.9832494710692453,False
critical_position,AttachmentAmbiguity,AttachLow-AttachMulti,final_sampler_p_target,regout,24,0.6104347826086955,0.0015355573996011995,0.27937951553366713,0.18612875117860483,0.0844786745030057,False
critical_position,AttachmentAmbiguity,AttachLow-AttachMulti,cumulative_kl,regout,24,-0.0008695652173913043,0.9967824967252694,-0.1342879122361076,0.5315787481917521,1.0,False
critical_position,AttachmentAmbiguity,AttachLow-AttachMulti,sampler_cumulative_kl,regout,24,-0.03217391304347826,0.8813617120284872,-0.05485511848261472,0.799047901694206,0.9891671285147632,False
