subset,contrast,cond_a,cond_b,item,diff_steps_taken,diff_final_surprisal,diff_final_entropy,diff_final_sampler_entropy,diff_final_sampler_p_target,diff_cumulative_kl,diff_sampler_cumulative_kl
Agreement,UNAGREE-AGREE,UNAGREE,AGREE,10,0.0,-0.3006210292363143,0.38435792922973633,0.43651390075683594,0.00010848284000530839,0.008378620659641456,-0.06680703363963403
Agreement,UNAGREE-AGREE,UNAGREE,AGREE,12,-171.0,-0.4992440143504293,0.2747807502746582,0.7581048011779785,1.4971219570725225e-05,-0.2491393057971436,-0.2702360844996292
Agreement,UNAGREE-AGREE,UNAGREE,AGREE,14,543.0,-0.9307086325395186,5.470977306365967,0.8825387954711914,-0.0017018092330545187,0.3251189560396597,0.550131946161855
Agreement,UNAGREE-AGREE,UNAGREE,AGREE,15,0.0,-0.3262744119786376,0.3694148063659668,0.41753578186035156,6.56639167573303e-05,-0.09784022715757601,-0.22814191679935902
Agreement,UNAGREE-AGREE,UNAGREE,AGREE,16,0.0,3.962369287271308,-1.4991416931152344,-1.7959327697753906,-0.00042381850653328,0.035720058611332206,0.10220922363805585
Agreement,UNAGREE-AGREE,UNAGREE,AGREE,17,396.0,-1.2088230307922885,3.3211183547973633,0.4425039291381836,4.610453743225662e-07,0.5564485994545976,0.9246123586199246
Agreement,UNAGREE-AGREE,UNAGREE,AGREE,19,181.0,-0.6756692815614542,1.8616188764572144,1.5782928466796875,-3.1109397241380066e-05,0.08049362156816642,0.6310747595853172
Agreement,UNAGREE-AGREE,UNAGREE,AGREE,1,0.0,-0.45735243328124753,0.39668846130371094,0.44620418548583984,0.0003572762943804264,-0.0006074876873753965,-0.06486037833383307
Agreement,UNAGREE-AGREE,UNAGREE,AGREE,20,0.0,0.5344838736678668,0.0074367523193359375,0.28784847259521484,-0.000394487171433866,-0.008353370449185604,-0.11456729029305279
Agreement,UNAGREE-AGREE,UNAGREE,AGREE,21,0.0,-0.28934951893459804,2.1519856452941895,2.270017623901367,9.501869499217719e-06,-0.003015717680682428,0.03552767285145819
Agreement,UNAGREE-AGREE,UNAGREE,AGREE,23,-526.0,2.7302662299516633,-4.47719669342041,0.24008655548095703,-1.5280980960596935e-06,-0.46236941280949395,-0.8373056969139725
Agreement,UNAGREE-AGREE,UNAGREE,AGREE,24,0.0,-0.38440563959296625,-0.09081506729125977,0.6068553924560547,6.4570676840958185e-06,-0.00045331112050917,0.07918445277027786
Agreement,UNAGREE-AGREE,UNAGREE,AGREE,3,665.0,-6.397690163788029,3.2819290161132812,-0.7160458564758301,0.0017725349171087146,0.5893486055028916,1.1280448468169197
Agreement,UNAGREE-AGREE,UNAGREE,AGREE,5,0.0,-1.156071138785956,0.2593827247619629,0.565730094909668,8.61250446178019e-05,0.019718784613360185,0.055561578075867146
Agreement,UNAGREE-AGREE,UNAGREE,AGREE,6,0.0,0.9543075625541526,0.09791445732116699,0.20590686798095703,-0.008503877557814121,0.027797489794465946,0.15838659013388678
Agreement,UNAGREE-AGREE,UNAGREE,AGREE,7,0.0,0.7958154967935531,0.8994932174682617,0.9375219345092773,-0.0029399776831269264,0.012682215779932449,-0.001002573175355792
Agreement,UNAGREE-AGREE,UNAGREE,AGREE,8,0.0,1.7573608122758788,1.2797107696533203,1.5014100074768066,-0.0001369294841424562,0.09642862556211185,0.1310489844181575
Agreement,UNAGREE-AGREE,UNAGREE,AGREE,9,0.0,0.8084285732734049,1.0029830932617188,1.0434837341308594,-0.00012345520372036844,0.0020668039505835623,0.022425946808652952
ClassicGP,MVRR_AMB-MVRR_UAMB,MVRR_AMB,MVRR_UAMB,10,-502.0,1.2675460474492937,-2.881767749786377,0.31647586822509766,2.980254066642374e-06,-0.43624148532762774,-0.6086068876902573
ClassicGP,MVRR_AMB-MVRR_UAMB,MVRR_AMB,MVRR_UAMB,11,243.0,-3.1485905765720155,2.3759915232658386,0.4607992172241211,-7.4394120019860566e-06,0.05251987218798604,0.3699942434905097
ClassicGP,MVRR_AMB-MVRR_UAMB,MVRR_AMB,MVRR_UAMB,12,562.0,-2.5940019988053855,4.619460105895996,0.9222736358642578,3.8734502595616505e-05,0.16675243098143255,-0.02109232806833461
ClassicGP,MVRR_AMB-MVRR_UAMB,MVRR_AMB,MVRR_UAMB,13,-350.0,-0.7520666872122721,-1.6521430015563965,0.5225048065185547,7.358978109550662e-05,0.05250912100018468,0.5640737239737064
ClassicGP,MVRR_AMB-MVRR_UAMB,MVRR_AMB,MVRR_UAMB,14,238.0,-2.027958635548087,0.6504230499267578,-0.8220720291137695,0.0006391533825080842,-0.0746815532365872,-0.41121889371424913
ClassicGP,MVRR_AMB-MVRR_UAMB,MVRR_AMB,MVRR_UAMB,15,3.0,-0.8492244477426674,0.023012161254882812,-0.5992908477783203,8.288759090646636e-06,-0.01372680029089679,-0.2456501687411219
ClassicGP,MVRR_AMB-MVRR_UAMB,MVRR_AMB,MVRR_UAMB,16,600.0,-3.812806720484293,5.1326218247413635,0.09256267547607422,-0.0003461925662122667,0.18944289978935558,0.6074330799747258
ClassicGP,MVRR_AMB-MVRR_UAMB,MVRR_AMB,MVRR_UAMB,17,243.0,-2.8234047335306975,1.9334298372268677,-0.5386109352111816,-9.72069074123283e-07,0.04964627550361911,0.31886348978150636
ClassicGP,MVRR_AMB-MVRR_UAMB,MVRR_AMB,MVRR_UAMB,18,-447.0,2.814180143930127,-4.111868858337402,-1.052475929260254,-6.935816827535746e-07,-0.27246236692008097,-0.3659302569576539
ClassicGP,MVRR_AMB-MVRR_UAMB,MVRR_AMB,MVRR_UAMB,19,-548.0,-0.31299776654000766,-1.7259421348571777,1.9155464172363281,3.4297620004508644e-05,-0.4139053987710213,-0.5056119821965694
ClassicGP,MVRR_AMB-MVRR_UAMB,MVRR_AMB,MVRR_UAMB,1,-574.0,1.1778171985553954,-2.71569561958313,1.1322102546691895,0.0001235806121258065,-0.39243782058656507,-0.39418385963654146
ClassicGP,MVRR_AMB-MVRR_UAMB,MVRR_AMB,MVRR_UAMB,20,-531.0,-1.339130078058644,-3.4633612632751465,-0.26758909225463867,0.013002453604713082,-0.5423848724931304,-0.7818729422288015
ClassicGP,MVRR_AMB-MVRR_UAMB,MVRR_AMB,MVRR_UAMB,21,-135.0,0.8565776837227652,-0.9203548431396484,0.19948768615722656,-4.956747034157161e-06,-0.06332495031892904,-0.11766640702262521
ClassicGP,MVRR_AMB-MVRR_UAMB,MVRR_AMB,MVRR_UAMB,22,-531.0,-0.8050131221592398,-4.659353256225586,-1.244363784790039,0.0014479058736469597,-0.9132630547937879,-1.631295919243712
ClassicGP,MVRR_AMB-MVRR_UAMB,MVRR_AMB,MVRR_UAMB,23,-191.0,1.6975124338741416,-2.174778461456299,-1.1391997337341309,-1.083579206806462e-06,-0.1117660932650324,0.12265920382924378
ClassicGP,MVRR_AMB-MVRR_UAMB,MVRR_AMB,MVRR_UAMB,24,243.0,-2.9854973692411626,2.370047688484192,-0.03070354461669922,-0.00020107743330299854,0.03896886403526878,0.22169836482498795
ClassicGP,MVRR_AMB-MVRR_UAMB,MVRR_AMB,MVRR_UAMB,2,243.0,-4.957560209574201,2.5781440436840057,-0.034252166748046875,2.2003396225045435e-06,0.03899423510665656,0.30237447313265875
ClassicGP,MVRR_AMB-MVRR_UAMB,MVRR_AMB,MVRR_UAMB,3,3.0,-2.483388938308453,0.1498575210571289,0.008557319641113281,0.00014334589650388807,0.013365352846449241,0.028857592318672687
ClassicGP,MVRR_AMB-MVRR_UAMB,MVRR_AMB,MVRR_UAMB,4,121.0,0.8770329513735646,0.1479017734527588,-2.4297585487365723,-2.0787608718819683e-06,0.012742017617711099,-0.05693741686991416
ClassicGP,MVRR_AMB-MVRR_UAMB,MVRR_AMB,MVRR_UAMB,5,938.0,-6.756978520106813,7.094361633062363,0.21503305435180664,3.1410065730597125e-06,0.560697038708895,1.1964675969211385
ClassicGP,MVRR_AMB-MVRR_UAMB,MVRR_AMB,MVRR_UAMB,6,-330.0,0.8037690992026851,-2.153353691101074,0.19423627853393555,-0.00020043924450874329,-0.02967556803560001,0.21274103067116812
ClassicGP,MVRR_AMB-MVRR_UAMB,MVRR_AMB,MVRR_UAMB,7,-511.0,0.26959224062667886,-4.476866722106934,-0.13181400299072266,0.00024639934417791665,-0.5214743817232375,-0.8144568700226955
ClassicGP,MVRR_AMB-MVRR_UAMB,MVRR_AMB,MVRR_UAMB,8,-307.0,2.2161221612758304,-2.2682876586914062,0.10303878784179688,-0.000603093474637717,-0.20454866860382026,-0.4340728181996383
ClassicGP,MVRR_AMB-MVRR_UAMB,MVRR_AMB,MVRR_UAMB,9,-262.0,1.6497070516871268,-2.6145873069763184,0.12232017517089844,-5.614306246570777e-06,-0.13567553604298155,-0.43281787540763617
ClassicGP,NPS_AMB-NPS_UAMB,NPS_AMB,NPS_UAMB,10,-547.0,3.408803261682607,-5.367483139038086,-1.4981422424316406,-0.00011108212493127212,-0.37580263124255,-0.6060136393061839
ClassicGP,NPS_AMB-NPS_UAMB,NPS_AMB,NPS_UAMB,11,-450.0,1.9987643071188472,-3.0476863384246826,1.358809471130371,-8.939145118347369e-06,-0.23767143244185718,-0.5043672654428519
ClassicGP,NPS_AMB-NPS_UAMB,NPS_AMB,NPS_UAMB,12,-237.0,0.5560817110601821,-0.7212238311767578,1.1439881324768066,-1.722939487081021e-06,-0.08993233976070769,-0.08914950478356332
ClassicGP,NPS_AMB-NPS_UAMB,NPS_AMB,NPS_UAMB,13,-506.0,1.2587747975300516,-3.5153050422668457,0.010016441345214844,-8.083290595095605e-06,-0.3914068163940101,-0.5360442479432095
ClassicGP,NPS_AMB-NPS_UAMB,NPS_AMB,NPS_UAMB,14,-112.0,1.4242241644835811,-0.8651933670043945,0.5647821426391602,-0.0011831412557512522,-0.09349212547385832,-0.296059223706834
ClassicGP,NPS_AMB-NPS_UAMB,NPS_AMB,NPS_UAMB,15,-508.0,1.5971884625949944,-3.9063615798950195,0.40283966064453125,-4.55727604276035e-06,-0.8964829297474353,-1.8059210461797193
ClassicGP,NPS_AMB-NPS_UAMB,NPS_AMB,NPS_UAMB,16,461.0,0.0008928141881003882,3.6004743576049805,-0.2943859100341797,-0.0004351364332251251,0.2187277076736791,0.3972232777159661
ClassicGP,NPS_AMB-NPS_UAMB,NPS_AMB,NPS_UAMB,17,-642.0,1.941396137211985,-6.354478120803833,0.08084297180175781,9.902978490572423e-07,-0.35618162606624537,-0.7052112501114607
ClassicGP,NPS_AMB-NPS_UAMB,NPS_AMB,NPS_UAMB,18,128.0,-1.5654479341688585,0.9631824493408203,-0.20063209533691406,1.4991517218732042e-06,0.08464968455518829,0.37792303058085963
ClassicGP,NPS_AMB-NPS_UAMB,NPS_AMB,NPS_UAMB,19,105.0,-1.8866754888753547,1.2270197868347168,0.9075226783752441,2.0533842871373054e-05,0.06426759350506472,0.14574407262261957
ClassicGP,NPS_AMB-NPS_UAMB,NPS_AMB,NPS_UAMB,1,1.0,0.14391389012079614,-0.046897172927856445,0.3909645080566406,-1.888431143015623e-05,0.0037113840626261663,0.08298916189232841
ClassicGP,NPS_AMB-NPS_UAMB,NPS_AMB,NPS_UAMB,20,-230.0,3.0404721792963336,-1.570561408996582,-0.12647581100463867,-0.019762787502259016,-0.19960043373066583,-0.5673758932971396
ClassicGP,NPS_AMB-NPS_UAMB,NPS_AMB,NPS_UAMB,21,-485.0,0.20636794252130386,-2.4230031967163086,1.2181143760681152,5.662536568706855e-05,-0.5097462724406796,-0.8117963812837843
ClassicGP,NPS_AMB-NPS_UAMB,NPS_AMB,NPS_UAMB,22,128.0,2.461197904338812,1.2010571956634521,-0.5978307723999023,-0.004301214648876339,0.06122609345038654,0.1785966381430626
ClassicGP,NPS_AMB-NPS_UAMB,NPS_AMB,NPS_UAMB,23,85.0,1.0404585384255505,0.7529845237731934,0.3607320785522461,-8.691690709383693e-07,0.31501484130421886,0.7536148094804958
ClassicGP,NPS_AMB-NPS_UAMB,NPS_AMB,NPS_UAMB,24,-164.0,0.047386564720047986,-1.6890935897827148,-0.3837566375732422,7.461753557436168e-05,-0.1370249549036089,-0.5768289265106432
ClassicGP,NPS_AMB-NPS_UAMB,NPS_AMB,NPS_UAMB,2,-74.0,1.572464276197227,-0.9140806198120117,-0.6966114044189453,-1.3322078302735463e-06,-0.02402481525859912,-0.0600364442798309
ClassicGP,NPS_AMB-NPS_UAMB,NPS_AMB,NPS_UAMB,3,128.0,0.478199618097813,1.753312110900879,1.3896198272705078,-2.770052378764376e-05,0.06482449147006264,0.30592777766287327
ClassicGP,NPS_AMB-NPS_UAMB,NPS_AMB,NPS_UAMB,4,-9.0,1.8822775494111852,0.06756019592285156,0.39528751373291016,-6.125933623479796e-06,-0.002568400916061364,-0.021430752734886482
ClassicGP,NPS_AMB-NPS_UAMB,NPS_AMB,NPS_UAMB,5,335.0,0.22845965785673883,1.2228727340698242,-0.8262600898742676,-8.793450433586258e-06,0.28613418812528835,0.2323436287988443
ClassicGP,NPS_AMB-NPS_UAMB,NPS_AMB,NPS_UAMB,6,-396.0,2.846539008161402,-3.712327003479004,-0.8882350921630859,-0.009620968718081713,-0.237639966813731,-0.379638766462449
ClassicGP,NPS_AMB-NPS_UAMB,NPS_AMB,NPS_UAMB,7,-230.0,3.086076155174985,-1.5256023406982422,0.9341087341308594,-0.006123650120571256,-0.1715528489658027,-0.3031963581452146
ClassicGP,NPS_AMB-NPS_UAMB,NPS_AMB,NPS_UAMB,8,128.0,0.7708491016671761,0.930372953414917,-0.12867212295532227,-0.000835413346067071,0.06832303025294095,0.1575954778236337
ClassicGP,NPS_AMB-NPS_UAMB,NPS_AMB,NPS_UAMB,9,207.0,-0.17262817646799,1.7437970638275146,0.8422942161560059,-2.6976995286531746e-05,0.059765153269836446,0.1061545922420919
ClassicGP,NPZ_AMB-NPZ_UAMB,NPZ_AMB,NPZ_UAMB,10,123.0,-0.3273569225008135,1.3855664730072021,1.313037395477295,-5.103849252918735e-05,0.0543961705880065,0.30952524405438453
ClassicGP,NPZ_AMB-NPZ_UAMB,NPZ_AMB,NPZ_UAMB,11,610.0,-6.138226008729566,5.72541731595993,1.2547712326049805,1.8980463210027665e-05,0.2564436303364346,0.7823807172826491
ClassicGP,NPZ_AMB-NPZ_UAMB,NPZ_AMB,NPZ_UAMB,12,992.0,-7.363252242575065,5.525001227855682,-2.0724124908447266,4.785689270647708e-05,0.6215470341230684,1.0606487588374875
ClassicGP,NPZ_AMB-NPZ_UAMB,NPZ_AMB,NPZ_UAMB,13,-650.0,5.003312423574441,-4.3884711265563965,0.5762100219726562,-0.0001818115542846499,-0.7546647708804812,-1.5730875012814067
ClassicGP,NPZ_AMB-NPZ_UAMB,NPZ_AMB,NPZ_UAMB,14,840.0,-4.316106447842456,7.800161182880402,1.2792391777038574,-0.0021075066179037094,0.9842892062588362,2.09643691329984
ClassicGP,NPZ_AMB-NPZ_UAMB,NPZ_AMB,NPZ_UAMB,15,-642.0,3.7336822081764893,-6.7168731689453125,-0.3831939697265625,-1.729985342535656e-05,-0.5003781469422393,-0.8625019460450858
ClassicGP,NPZ_AMB-NPZ_UAMB,NPZ_AMB,NPZ_UAMB,16,-1.0,0.48915857807395646,0.8819975852966309,1.0739946365356445,-4.5041342673357576e-05,-0.6614422991660831,-1.9026616150513291
ClassicGP,NPZ_AMB-NPZ_UAMB,NPZ_AMB,NPZ_UAMB,17,89.0,0.7789257014575206,1.2520132064819336,0.8550305366516113,-3.82002735932474e-06,0.08124241499172058,0.20687341294251382
ClassicGP,NPZ_AMB-NPZ_UAMB,NPZ_AMB,NPZ_UAMB,18,-697.0,6.1547905800589895,-4.771071910858154,0.0725398063659668,-7.302602540448788e-07,-0.6542467369217775,-1.063977486162912
ClassicGP,NPZ_AMB-NPZ_UAMB,NPZ_AMB,NPZ_UAMB,19,-540.0,1.9816806733205485,-5.188627481460571,-1.8740010261535645,-1.1104570148745552e-05,-0.48134494087207713,-0.7434996704687364
ClassicGP,NPZ_AMB-NPZ_UAMB,NPZ_AMB,NPZ_UAMB,1,223.0,-1.308552254488525,1.1362075805664062,-0.1613478660583496,0.00038363446947187185,0.3201189300561964,0.2711093816324137
ClassicGP,NPZ_AMB-NPZ_UAMB,NPZ_AMB,NPZ_UAMB,20,562.0,0.10916818899639402,3.974907875061035,0.40264368057250977,-0.0016390210948884487,0.5741969973387313,0.5988327316590585
ClassicGP,NPZ_AMB-NPZ_UAMB,NPZ_AMB,NPZ_UAMB,21,480.0,-3.9179845314330652,4.851731657981873,0.3115234375,4.9365300583303906e-05,0.2766284341341816,0.6770175534766167
ClassicGP,NPZ_AMB-NPZ_UAMB,NPZ_AMB,NPZ_UAMB,22,-626.0,2.7246910302202068,-4.904462099075317,0.38973140716552734,-0.0005037236551288515,-0.894900907522242,-1.2137749822577462
ClassicGP,NPZ_AMB-NPZ_UAMB,NPZ_AMB,NPZ_UAMB,23,166.0,1.913398111460296,0.520258903503418,-0.6965703964233398,-2.847408325123979e-06,-0.029060019624012057,-0.9907724185031839
ClassicGP,NPZ_AMB-NPZ_UAMB,NPZ_AMB,NPZ_UAMB,24,287.0,-3.0865111191901917,3.1755462884902954,1.398484230041504,-0.00015278223145287484,0.10461391550779808,0.7856449202517979
ClassicGP,NPZ_AMB-NPZ_UAMB,NPZ_AMB,NPZ_UAMB,2,-274.0,1.7951238702527128,-2.637094020843506,-0.4712200164794922,-1.2398764965837472e-06,-0.22973561109029106,-0.8372161837760359
ClassicGP,NPZ_AMB-NPZ_UAMB,NPZ_AMB,NPZ_UAMB,3,-370.0,1.5396318141242133,-2.4447712898254395,0.7623076438903809,-6.053235847502947e-05,-0.20381013437145157,-0.07379807671532035
ClassicGP,NPZ_AMB-NPZ_UAMB,NPZ_AMB,NPZ_UAMB,4,283.0,-1.2874770220708776,2.379913091659546,0.5659008026123047,3.71820897271391e-06,0.3001295639187447,0.7211155833792873
ClassicGP,NPZ_AMB-NPZ_UAMB,NPZ_AMB,NPZ_UAMB,5,869.0,-5.411808014721585,6.071402430534363,-0.5653214454650879,7.254930096678436e-07,1.4752896445279475,3.10591405199375
ClassicGP,NPZ_AMB-NPZ_UAMB,NPZ_AMB,NPZ_UAMB,6,-642.0,2.490297839897692,-5.638777732849121,-0.41525936126708984,-0.001537309493869543,-0.4693647489984869,-0.8417662623105571
ClassicGP,NPZ_AMB-NPZ_UAMB,NPZ_AMB,NPZ_UAMB,7,-133.0,1.0273457985054542,-0.8534836769104004,0.09070873260498047,-0.005538407247513533,-0.28087841095839394,-0.4765241666464135
ClassicGP,NPZ_AMB-NPZ_UAMB,NPZ_AMB,NPZ_UAMB,8,33.0,0.7616206025631183,0.15845870971679688,0.15636587142944336,-0.0007912181317806244,-0.08418226853609667,-0.1575988315162249
ClassicGP,NPZ_AMB-NPZ_UAMB,NPZ_AMB,NPZ_UAMB,9,85.0,-0.02300174625843532,1.2624006271362305,0.8057641983032227,-1.7472601030021906e-05,-0.504363921827462,-0.9329336006194353
RelativeClause,RC_Obj-RC_Subj,RC_Obj,RC_Subj,25,-180.0,-8.152660292971856,-5.051260471343994,-4.334815979003906,0.028826589019445237,-0.12817330074176425,-0.1331295395793859
RelativeClause,RC_Obj-RC_Subj,RC_Obj,RC_Subj,26,-711.0,-9.360163603761313,-9.550791263580322,-4.402305603027344,0.07892799844375986,-0.6168122675717314,-1.4272899288334884
RelativeClause,RC_Obj-RC_Subj,RC_Obj,RC_Subj,27,-60.0,-6.172106972409681,-3.8819069862365723,-4.351578235626221,0.015447128622327,0.3186182432982605,0.46516219998011366
RelativeClause,RC_Obj-RC_Subj,RC_Obj,RC_Subj,28,-85.0,-9.07825567140851,-2.196621894836426,-2.7351903915405273,0.13791730304365046,0.08917416429540026,0.08576094033196568
RelativeClause,RC_Obj-RC_Subj,RC_Obj,RC_Subj,29,-325.0,-0.320501030665314,-5.813821315765381,-3.5526113510131836,0.0003145296941511333,-0.37640045266016386,-0.46902614616556093
RelativeClause,RC_Obj-RC_Subj,RC_Obj,RC_Subj,30,-817.0,0.3766092086733046,-10.266587018966675,-4.222379207611084,0.0008156554104061797,-0.7092000369739253,-1.496884199033957
RelativeClause,RC_Obj-RC_Subj,RC_Obj,RC_Subj,31,-147.0,-11.72764602052127,-4.96586799621582,-5.032842636108398,0.23274254551142803,-0.36023001200010185,-0.4531305066193454
RelativeClause,RC_Obj-RC_Subj,RC_Obj,RC_Subj,32,-579.0,-8.886019171697583,-7.832401514053345,-4.50473165512085,0.05716035785371787,-0.30103548599072383,-1.022029071347788
RelativeClause,RC_Obj-RC_Subj,RC_Obj,RC_Subj,33,-157.0,-8.476505127108767,-3.44791316986084,-2.6484928131103516,0.041132467675197404,-1.1435715526695276,-2.8943351702182554
RelativeClause,RC_Obj-RC_Subj,RC_Obj,RC_Subj,34,-398.0,-7.234808020858942,-6.209384918212891,-3.580042839050293,0.014214934140909463,-0.4096214681276251,-1.0744177864398807
RelativeClause,RC_Obj-RC_Subj,RC_Obj,RC_Subj,35,247.0,7.344480200878797,-0.7452588081359863,-3.8188724517822266,-0.0007321250811855862,0.29852084654339706,0.1049311319948174
RelativeClause,RC_Obj-RC_Subj,RC_Obj,RC_Subj,36,-208.0,-9.75062349295797,-1.96697998046875,-0.8773307800292969,0.05559363718930399,-0.43969854566785216,-0.8224525825935416
RelativeClause,RC_Obj-RC_Subj,RC_Obj,RC_Subj,37,-755.0,0.8116290205752232,-8.78538703918457,-2.233470916748047,0.0027598849264904857,-0.6261344356171321,-0.8570701974676922
RelativeClause,RC_Obj-RC_Subj,RC_Obj,RC_Subj,38,-396.0,-6.9102068684916,-6.118163108825684,-3.3724451065063477,0.026436424799612723,-0.22082810317078838,-0.13240165225579403
RelativeClause,RC_Obj-RC_Subj,RC_Obj,RC_Subj,39,-480.0,-9.556054218722732,-6.802282333374023,-2.534152030944824,0.1086532381887082,-0.18532622039492708,0.2149091199389659
RelativeClause,RC_Obj-RC_Subj,RC_Obj,RC_Subj,40,241.0,-5.354842164532499,3.102682113647461,0.4759559631347656,0.0007711489215580514,0.3298846611924091,1.4144929258618504
RelativeClause,RC_Obj-RC_Subj,RC_Obj,RC_Subj,41,-6.0,-8.21858488904422,-1.8805828094482422,-3.4928979873657227,0.04815281204355415,0.13708764591319778,0.21521959448000416
RelativeClause,RC_Obj-RC_Subj,RC_Obj,RC_Subj,42,-325.0,6.792792272269889,-5.541604042053223,-3.5888867378234863,-0.0010336934701626888,-0.3337339661175065,-0.2290720046730712
RelativeClause,RC_Obj-RC_Subj,RC_Obj,RC_Subj,43,-602.0,-8.58506812723137,-8.30409574508667,-3.5760183334350586,0.09090589223342249,-0.455040844182804,-1.1318035328295082
RelativeClause,RC_Obj-RC_Subj,RC_Obj,RC_Subj,44,-390.0,-10.910354406168455,-6.463440895080566,-3.2486143112182617,0.050613674950909626,-3.3738527143359534,-5.8345292073790915
RelativeClause,RC_Obj-RC_Subj,RC_Obj,RC_Subj,45,402.0,16.117652446279052,2.3568849563598633,-0.2758369445800781,-0.26485120027484754,0.37291739778083866,0.8796505582286045
RelativeClause,RC_Obj-RC_Subj,RC_Obj,RC_Subj,46,67.0,-8.836981183499564,-3.2564878463745117,-4.14271879196167,0.17317850969266146,0.2493341968220193,0.23936556483386084
RelativeClause,RC_Obj-RC_Subj,RC_Obj,RC_Subj,47,-325.0,-3.7114445408496035,-4.8820481300354,-2.928643226623535,0.007555877295089886,0.016283372693578713,0.3670898245763965
RelativeClause,RC_Obj-RC_Subj,RC_Obj,RC_Subj,48,-40.0,-0.9675610242611157,-4.156927108764648,-5.100461959838867,0.0013307587942108512,0.032428475400593015,0.08303632558090612
AttachmentAmbiguity,AttachHigh-AttachMulti,AttachHigh,AttachMulti,49,-712.0,2.173720784692488,-4.550038576126099,0.6351108551025391,4.7421190174645744e-07,-3.8717238072495093,-11.859776950499509
AttachmentAmbiguity,AttachHigh-AttachMulti,AttachHigh,AttachMulti,50,0.0,0.7328445781136477,0.7582845687866211,0.765230655670166,-0.0036343028768897057,0.03726758906850591,-0.011576462828088552
AttachmentAmbiguity,AttachHigh-AttachMulti,AttachHigh,AttachMulti,51,0.0,-0.343271041746692,0.11359453201293945,0.11465692520141602,0.003438730724155903,-0.05004077007833985,-0.20301398093579337
AttachmentAmbiguity,AttachHigh-AttachMulti,AttachHigh,AttachMulti,52,0.0,0.3608161219659465,-0.03643202781677246,-0.3578205108642578,-1.573020654177526e-06,-0.0014648378055426292,-0.028921152756083757
AttachmentAmbiguity,AttachHigh-AttachMulti,AttachHigh,AttachMulti,53,-367.0,2.426285014334894,-2.098175525665283,0.49651384353637695,-2.977677468152251e-05,-0.7545900188597443,-1.2644552642013878
AttachmentAmbiguity,AttachHigh-AttachMulti,AttachHigh,AttachMulti,54,0.0,-0.18036790221042764,0.0003574192523956299,0.26475954055786133,3.573040885385126e-06,-1.3758777640759945e-05,-0.005303984507918358
AttachmentAmbiguity,AttachHigh-AttachMulti,AttachHigh,AttachMulti,55,0.0,-0.14601506397515074,0.31420135498046875,0.3530726432800293,2.920418046414852e-05,-0.3237095045442402,-0.7485855082923081
AttachmentAmbiguity,AttachHigh-AttachMulti,AttachHigh,AttachMulti,56,0.0,0.05741691471299326,0.22212982177734375,0.38790082931518555,-2.9526883736252785e-05,-0.0042923987784888595,-0.12233645055675879
AttachmentAmbiguity,AttachHigh-AttachMulti,AttachHigh,AttachMulti,57,-146.0,-0.1832426668117222,-0.16950440406799316,1.0355677604675293,1.1741261118913826e-07,-0.16369784210110083,0.2707940102554858
AttachmentAmbiguity,AttachHigh-AttachMulti,AttachHigh,AttachMulti,58,0.0,-0.17422208894607394,0.1333789825439453,0.5696368217468262,0.0009488826617598534,-0.09068089750144281,-0.27974454045761377
AttachmentAmbiguity,AttachHigh-AttachMulti,AttachHigh,AttachMulti,59,-88.0,0.2690350018954426,0.04944038391113281,0.5525360107421875,-1.7241836758330464e-06,-0.15161583611916285,-0.1521899674553424
AttachmentAmbiguity,AttachHigh-AttachMulti,AttachHigh,AttachMulti,60,111.0,-1.3780353449256317,1.116175651550293,0.37482547760009766,8.051074473769404e-06,0.09495510785927763,-0.042179497715551406
AttachmentAmbiguity,AttachHigh-AttachMulti,AttachHigh,AttachMulti,61,0.0,0.15723556470271483,-0.09985589981079102,-0.0050563812255859375,-1.3076074537821114e-05,-0.05141940154499025,-0.19734272453933954
AttachmentAmbiguity,AttachHigh-AttachMulti,AttachHigh,AttachMulti,62,0.0,0.05279895463868667,0.2236170768737793,0.25679731369018555,-0.01736786961555481,0.12413941871454881,0.2663868788658874
AttachmentAmbiguity,AttachHigh-AttachMulti,AttachHigh,AttachMulti,63,0.0,0.17868886440576404,0.25893640518188477,0.2981071472167969,-0.00019730511121451855,-0.03899898613235564,-0.3395303947618231
AttachmentAmbiguity,AttachHigh-AttachMulti,AttachHigh,AttachMulti,64,125.0,0.17709119233158077,0.7116913795471191,-0.07339191436767578,-3.627064870670438e-07,0.180952418842935,0.1073557857889682
AttachmentAmbiguity,AttachHigh-AttachMulti,AttachHigh,AttachMulti,65,-607.0,2.767625848233804,-4.5051398277282715,-0.3636765480041504,-6.521290197269991e-05,-0.5457340606881189,-1.0895681008696556
AttachmentAmbiguity,AttachHigh-AttachMulti,AttachHigh,AttachMulti,66,0.0,-0.3781453286214731,0.16788148880004883,0.45958614349365234,4.656377132050693e-05,0.047816949452681,0.22241954557830468
AttachmentAmbiguity,AttachHigh-AttachMulti,AttachHigh,AttachMulti,67,497.0,-1.9444254927190574,2.300063133239746,0.13260412216186523,0.010806242004036903,0.433535596332149,0.6145771114388481
AttachmentAmbiguity,AttachHigh-AttachMulti,AttachHigh,AttachMulti,68,0.0,-0.3074509883751393,-0.15988826751708984,-0.1631765365600586,8.284670184366405e-05,-0.14487794536398724,-0.5857381497044116
AttachmentAmbiguity,AttachHigh-AttachMulti,AttachHigh,AttachMulti,69,0.0,1.1786129436419461,0.45018768310546875,0.5232467651367188,-5.587212945101783e-05,-0.09243388185132062,-0.16838224441744387
AttachmentAmbiguity,AttachHigh-AttachMulti,AttachHigh,AttachMulti,70,0.0,0.81075001389544,0.02976405620574951,0.4691181182861328,-4.342410829849541e-05,0.002262668182083871,0.0966843479545787
AttachmentAmbiguity,AttachHigh-AttachMulti,AttachHigh,AttachMulti,71,59.0,-0.09237215227124729,0.5908694267272949,0.15207767486572266,-2.356769982725382e-06,0.08831311132234987,0.09894083178369328
AttachmentAmbiguity,AttachHigh-AttachMulti,AttachHigh,AttachMulti,72,0.0,0.5517942084773342,0.06575298309326172,0.07064437866210938,-5.941340350545943e-05,0.024975929081847426,0.09489519440103322
AttachmentAmbiguity,AttachLow-AttachMulti,AttachLow,AttachMulti,49,0.0,-0.17961659207592717,-0.552678108215332,-0.7174649238586426,8.892209280020325e-08,-2.3444069796678377,-5.479911317088408
AttachmentAmbiguity,AttachLow-AttachMulti,AttachLow,AttachMulti,50,0.0,0.9255044479348538,-0.01837015151977539,-0.018761157989501953,-0.00433547655120492,0.40899810504197376,1.233913829899393
AttachmentAmbiguity,AttachLow-AttachMulti,AttachLow,AttachMulti,51,0.0,-0.007830289880283559,0.1804656982421875,0.1824779510498047,7.046759128570557e-05,0.3308106017721002,1.1312990515725687
AttachmentAmbiguity,AttachLow-AttachMulti,AttachLow,AttachMulti,52,769.0,-3.2466819661478077,6.540448188781738,-1.4953174591064453,1.1003471627191175e-06,0.6149052586843027,1.7337357533397153
AttachmentAmbiguity,AttachLow-AttachMulti,AttachLow,AttachMulti,53,72.0,-1.391813497686595,1.5284004211425781,1.2576336860656738,6.189232954056934e-05,-1.069292423024308,-2.473066031525377
AttachmentAmbiguity,AttachLow-AttachMulti,AttachLow,AttachMulti,54,0.0,0.18037984786413475,0.001065824180841446,0.2808218002319336,-3.197417754563503e-06,2.4123582988977432e-05,0.014283448457717896
AttachmentAmbiguity,AttachLow-AttachMulti,AttachLow,AttachMulti,55,-205.0,0.8995379563280252,-1.2150821685791016,0.02144765853881836,-7.098785135895014e-05,-0.623302998712461,-0.20028435869608074
AttachmentAmbiguity,AttachLow-AttachMulti,AttachLow,AttachMulti,56,391.0,-1.0044888944660997,2.2407779693603516,-0.1461658477783203,6.463355384767056e-05,0.22752259525077534,-2.1248893932788633
AttachmentAmbiguity,AttachLow-AttachMulti,AttachLow,AttachMulti,57,-201.0,0.19465003253568725,-0.8901419639587402,0.4675636291503906,8.715289823157946e-08,-0.12404999657155713,-1.5627867521252483
AttachmentAmbiguity,AttachLow-AttachMulti,AttachLow,AttachMulti,58,-658.0,9.490287693875343,-5.291126200929284,1.4828295707702637,0.0020934762433171272,-0.302403572750336,-1.2108605492394418
AttachmentAmbiguity,AttachLow-AttachMulti,AttachLow,AttachMulti,59,47.0,-0.3882159918469359,0.7588405609130859,0.6168761253356934,5.28171040059533e-06,0.7838818544332753,2.4498855223646387
AttachmentAmbiguity,AttachLow-AttachMulti,AttachLow,AttachMulti,60,-45.0,-0.1976250327586122,-0.46903419494628906,-0.0454559326171875,1.8680557332118042e-06,-0.045897907268226845,-0.02668254275340587
AttachmentAmbiguity,AttachLow-AttachMulti,AttachLow,AttachMulti,61,448.0,-1.5453031514550606,3.193148612976074,-0.6728916168212891,6.819814734626561e-05,1.110901310617919,0.7329019136959687
AttachmentAmbiguity,AttachLow-AttachMulti,AttachLow,AttachMulti,62,0.0,-0.13455647779619562,-0.2266407012939453,-0.271909236907959,0.03986549377441406,-0.05700533848539635,-0.263300203208928
AttachmentAmbiguity,AttachLow-AttachMulti,AttachLow,AttachMulti,63,0.0,-0.4597807642543703,0.29001808166503906,0.3416261672973633,0.0006644601235166192,0.09251056483117281,0.10651389230042696
AttachmentAmbiguity,AttachLow-AttachMulti,AttachLow,AttachMulti,64,0.0,0.596080461795939,0.0500035285949707,0.0073490142822265625,-5.053797167420271e-07,0.025634914374677464,-0.07930060534272343
AttachmentAmbiguity,AttachLow-AttachMulti,AttachLow,AttachMulti,65,0.0,0.37001650296697974,-0.0068492889404296875,-0.012936592102050781,-2.7755282644648105e-05,-0.08746286931273062,-0.49586558213923126
AttachmentAmbiguity,AttachLow-AttachMulti,AttachLow,AttachMulti,66,0.0,0.3012291247460901,0.03831815719604492,-0.10679244995117188,-3.0308183340821415e-05,-0.0799071708752308,-0.6223906890372746
AttachmentAmbiguity,AttachLow-AttachMulti,AttachLow,AttachMulti,67,0.0,0.3177544445995961,-0.031118392944335938,0.2038745880126953,-0.002521960996091366,0.05366758519085124,0.17863214379758574
AttachmentAmbiguity,AttachLow-AttachMulti,AttachLow,AttachMulti,68,0.0,0.9585340040635693,0.07336044311523438,0.07460403442382812,-0.00016972352750599384,-0.19482204056112096,-0.15447972633410245
AttachmentAmbiguity,AttachLow-AttachMulti,AttachLow,AttachMulti,69,0.0,0.489782816943503,0.4814305305480957,0.566554069519043,-2.874353958759457e-05,0.19747566206933698,1.263353502843529
AttachmentAmbiguity,AttachLow-AttachMulti,AttachLow,AttachMulti,70,865.0,-4.255153505314764,7.784116268157959,1.010451316833496,5.8176927268505096e-05,0.5653565136599354,1.0553693154943176
AttachmentAmbiguity,AttachLow-AttachMulti,AttachLow,AttachMulti,71,67.0,0.7167709286490673,0.1461176872253418,-0.43503665924072266,-4.7930261644069105e-05,0.26705316430161474,0.664251207082998
AttachmentAmbiguity,AttachLow-AttachMulti,AttachLow,AttachMulti,72,0.0,-0.6042378585726826,0.1514453887939453,0.15019512176513672,9.048296487890184e-05,0.31490742660389515,1.5101770266192034
