subset,contrast,cond_a,cond_b,variable,item,mean_diff(a-b),auc_diff(a-b)
Agreement,UNAGREE-AGREE,UNAGREE,AGREE,entropy,1,0.18654670240699162,0.18648617538550352
Agreement,UNAGREE-AGREE,UNAGREE,AGREE,entropy,3,2.379717315473224,2.383429168345007
Agreement,UNAGREE-AGREE,UNAGREE,AGREE,entropy,5,0.15481152836481418,0.15493276018673985
Agreement,UNAGREE-AGREE,UNAGREE,AGREE,entropy,6,0.1258408312944592,0.12622765044769607
Agreement,UNAGREE-AGREE,UNAGREE,AGREE,entropy,7,0.45024725185594894,0.45024945182453785
Agreement,UNAGREE-AGREE,UNAGREE,AGREE,entropy,8,0.5514820166600952,0.5510353192881807
Agreement,UNAGREE-AGREE,UNAGREE,AGREE,entropy,9,0.4822859300135508,0.4821938621861049
Agreement,UNAGREE-AGREE,UNAGREE,AGREE,entropy,10,0.23510289409998145,0.23531752733859373
Agreement,UNAGREE-AGREE,UNAGREE,AGREE,entropy,12,-0.12679880563967635,-0.12812894760688834
Agreement,UNAGREE-AGREE,UNAGREE,AGREE,entropy,14,2.9583318903479006,2.9594507348700523
Agreement,UNAGREE-AGREE,UNAGREE,AGREE,entropy,15,0.1057179514682809,0.10531711249747563
Agreement,UNAGREE-AGREE,UNAGREE,AGREE,entropy,16,-0.3401395443798833,-0.3380831584830313
Agreement,UNAGREE-AGREE,UNAGREE,AGREE,entropy,17,1.975457429501659,1.9770406824278868
Agreement,UNAGREE-AGREE,UNAGREE,AGREE,entropy,19,0.9601865698342169,0.9603329851966886
Agreement,UNAGREE-AGREE,UNAGREE,AGREE,entropy,20,-0.00048645764708650453,-0.0005095425382756441
Agreement,UNAGREE-AGREE,UNAGREE,AGREE,entropy,21,0.8875107981312794,0.8865572938781435
Agreement,UNAGREE-AGREE,UNAGREE,AGREE,entropy,23,-2.5497455477340374,-2.551311022150236
Agreement,UNAGREE-AGREE,UNAGREE,AGREE,entropy,24,-0.051448096220367515,-0.05147626217939984
Agreement,UNAGREE-AGREE,UNAGREE,AGREE,sampler_entropy,1,0.5447750798781315,0.5462455286172565
Agreement,UNAGREE-AGREE,UNAGREE,AGREE,sampler_entropy,3,0.40819499852070257,0.4112608013621232
Agreement,UNAGREE-AGREE,UNAGREE,AGREE,sampler_entropy,5,0.752393357586022,0.7513673591365725
Agreement,UNAGREE-AGREE,UNAGREE,AGREE,sampler_entropy,6,0.6650483679651613,0.6675925110931369
Agreement,UNAGREE-AGREE,UNAGREE,AGREE,sampler_entropy,7,0.7979257159376862,0.7991391790716618
Agreement,UNAGREE-AGREE,UNAGREE,AGREE,sampler_entropy,8,1.1413043908258178,1.1430515120756186
Agreement,UNAGREE-AGREE,UNAGREE,AGREE,sampler_entropy,9,1.2975424504160282,1.3023618537456543
Agreement,UNAGREE-AGREE,UNAGREE,AGREE,sampler_entropy,10,0.6056445857268482,0.6074933403083338
Agreement,UNAGREE-AGREE,UNAGREE,AGREE,sampler_entropy,12,0.7485665686406086,0.7483002535938807
Agreement,UNAGREE-AGREE,UNAGREE,AGREE,sampler_entropy,14,1.0565986226431687,1.0591511485197398
Agreement,UNAGREE-AGREE,UNAGREE,AGREE,sampler_entropy,15,0.3349545315402234,0.3327404473791854
Agreement,UNAGREE-AGREE,UNAGREE,AGREE,sampler_entropy,16,-0.554559339159098,-0.557173514359527
Agreement,UNAGREE-AGREE,UNAGREE,AGREE,sampler_entropy,17,0.5971466778031548,0.5986914225670522
Agreement,UNAGREE-AGREE,UNAGREE,AGREE,sampler_entropy,19,1.7417252612233762,1.746101160157326
Agreement,UNAGREE-AGREE,UNAGREE,AGREE,sampler_entropy,20,0.5478435537683304,0.5487269418191008
Agreement,UNAGREE-AGREE,UNAGREE,AGREE,sampler_entropy,21,1.4999901017112347,1.5002044322066181
Agreement,UNAGREE-AGREE,UNAGREE,AGREE,sampler_entropy,23,0.49397497052523365,0.49223954109064155
Agreement,UNAGREE-AGREE,UNAGREE,AGREE,sampler_entropy,24,0.5574593495843398,0.5587008178651021
Agreement,UNAGREE-AGREE,UNAGREE,AGREE,surprisal,1,-0.0010599116910704608,0.0009900210087504246
Agreement,UNAGREE-AGREE,UNAGREE,AGREE,surprisal,3,-2.7892219267403617,-2.7885228480252815
Agreement,UNAGREE-AGREE,UNAGREE,AGREE,surprisal,5,-0.8901998220717858,-0.8881438965326303
Agreement,UNAGREE-AGREE,UNAGREE,AGREE,surprisal,6,1.1926279931451276,1.1941844027516697
Agreement,UNAGREE-AGREE,UNAGREE,AGREE,surprisal,7,1.1470112748600918,1.148283517981291
Agreement,UNAGREE-AGREE,UNAGREE,AGREE,surprisal,8,1.7305437311054015,1.733011821577732
Agreement,UNAGREE-AGREE,UNAGREE,AGREE,surprisal,9,1.4568830868408567,1.4621731988778248
Agreement,UNAGREE-AGREE,UNAGREE,AGREE,surprisal,10,0.03545105484533153,0.03457202510145016
Agreement,UNAGREE-AGREE,UNAGREE,AGREE,surprisal,12,-0.6453310904545027,-0.6455072345200648
Agreement,UNAGREE-AGREE,UNAGREE,AGREE,surprisal,14,-1.094211503402853,-1.099184072232075
Agreement,UNAGREE-AGREE,UNAGREE,AGREE,surprisal,15,-0.6681672765979605,-0.6661742035959751
Agreement,UNAGREE-AGREE,UNAGREE,AGREE,surprisal,16,1.6645814834096724,1.6629905932293614
Agreement,UNAGREE-AGREE,UNAGREE,AGREE,surprisal,17,-1.4248147648129723,-1.4271248882274588
Agreement,UNAGREE-AGREE,UNAGREE,AGREE,surprisal,19,-1.6317890401799002,-1.6419162653210926
Agreement,UNAGREE-AGREE,UNAGREE,AGREE,surprisal,20,0.1747668916194958,0.1722631251366442
Agreement,UNAGREE-AGREE,UNAGREE,AGREE,surprisal,21,-0.4821527056854127,-0.48384897963162626
Agreement,UNAGREE-AGREE,UNAGREE,AGREE,surprisal,23,1.7954117849015285,1.799839558737586
Agreement,UNAGREE-AGREE,UNAGREE,AGREE,surprisal,24,0.03100553925718284,0.029861818069104568
Agreement,UNAGREE-AGREE,UNAGREE,AGREE,p_syntactic_group,1,-0.004972669178917859,-0.004954473653342867
Agreement,UNAGREE-AGREE,UNAGREE,AGREE,p_syntactic_group,3,0.0169326987807861,0.016875179934382815
Agreement,UNAGREE-AGREE,UNAGREE,AGREE,p_syntactic_group,5,-0.001875600474937373,-0.001876635342461201
Agreement,UNAGREE-AGREE,UNAGREE,AGREE,p_syntactic_group,6,-0.0018848324127071492,-0.0018849182494651115
Agreement,UNAGREE-AGREE,UNAGREE,AGREE,p_syntactic_group,7,-0.04054223222904433,-0.040540670500243695
Agreement,UNAGREE-AGREE,UNAGREE,AGREE,p_syntactic_group,8,0.0030806311812648797,0.003073241032690985
Agreement,UNAGREE-AGREE,UNAGREE,AGREE,p_syntactic_group,9,-0.0076255024961666565,-0.007628928062605754
Agreement,UNAGREE-AGREE,UNAGREE,AGREE,p_syntactic_group,10,0.006515151627375068,0.006497109314042265
Agreement,UNAGREE-AGREE,UNAGREE,AGREE,p_syntactic_group,12,-0.007941835557235516,-0.007922991649806142
Agreement,UNAGREE-AGREE,UNAGREE,AGREE,p_syntactic_group,14,0.023897514326094115,0.02387563778477548
Agreement,UNAGREE-AGREE,UNAGREE,AGREE,p_syntactic_group,15,2.092165609139898e-05,1.8562846747994688e-05
Agreement,UNAGREE-AGREE,UNAGREE,AGREE,p_syntactic_group,16,-0.0043353546753756,-0.004318084437609621
Agreement,UNAGREE-AGREE,UNAGREE,AGREE,p_syntactic_group,17,0.01307634575665032,0.01307625921384311
Agreement,UNAGREE-AGREE,UNAGREE,AGREE,p_syntactic_group,19,0.007928667043815767,0.00793053859467057
Agreement,UNAGREE-AGREE,UNAGREE,AGREE,p_syntactic_group,20,0.00010880057629805588,0.00010927715737522162
Agreement,UNAGREE-AGREE,UNAGREE,AGREE,p_syntactic_group,21,0.006103609561478838,0.006093111417014794
Agreement,UNAGREE-AGREE,UNAGREE,AGREE,p_syntactic_group,23,-0.03361938723896997,-0.033596137417613775
Agreement,UNAGREE-AGREE,UNAGREE,AGREE,p_syntactic_group,24,-0.00024277154498360064,-0.00024261125533390248
Agreement,UNAGREE-AGREE,UNAGREE,AGREE,p_semantic_neighbors,1,-0.0017919774156745206,-0.0017752438177043486
Agreement,UNAGREE-AGREE,UNAGREE,AGREE,p_semantic_neighbors,3,0.005655803605134333,0.005611568665704414
Agreement,UNAGREE-AGREE,UNAGREE,AGREE,p_semantic_neighbors,5,-0.0003893165216548014,-0.00038926841613062514
Agreement,UNAGREE-AGREE,UNAGREE,AGREE,p_semantic_neighbors,6,-0.0018738082582835224,-0.0018911566567801914
Agreement,UNAGREE-AGREE,UNAGREE,AGREE,p_semantic_neighbors,7,-0.01930074736628791,-0.019266560044386143
Agreement,UNAGREE-AGREE,UNAGREE,AGREE,p_semantic_neighbors,8,-0.0024810347543574043,-0.002480212448362165
Agreement,UNAGREE-AGREE,UNAGREE,AGREE,p_semantic_neighbors,9,-0.0003014977565265451,-0.00030178578429404426
Agreement,UNAGREE-AGREE,UNAGREE,AGREE,p_semantic_neighbors,10,0.00025170860648795714,0.00025008402425835826
Agreement,UNAGREE-AGREE,UNAGREE,AGREE,p_semantic_neighbors,12,1.6764813742833388e-05,1.6618487088970075e-05
Agreement,UNAGREE-AGREE,UNAGREE,AGREE,p_semantic_neighbors,14,0.017971607885518957,0.017977262109981393
Agreement,UNAGREE-AGREE,UNAGREE,AGREE,p_semantic_neighbors,15,0.0007640488715777913,0.0007633390668460861
Agreement,UNAGREE-AGREE,UNAGREE,AGREE,p_semantic_neighbors,16,-0.0005451383685708814,-0.0005427523496162697
Agreement,UNAGREE-AGREE,UNAGREE,AGREE,p_semantic_neighbors,17,7.669835247303523e-05,7.672955238371202e-05
Agreement,UNAGREE-AGREE,UNAGREE,AGREE,p_semantic_neighbors,19,0.0001367935307316354,0.0001369996117879509
Agreement,UNAGREE-AGREE,UNAGREE,AGREE,p_semantic_neighbors,20,0.00010157976085206337,0.00010177543966925968
Agreement,UNAGREE-AGREE,UNAGREE,AGREE,p_semantic_neighbors,21,0.0002561922347146949,0.0002562604191076567
Agreement,UNAGREE-AGREE,UNAGREE,AGREE,p_semantic_neighbors,23,-5.882797288231538e-05,-5.882633354223434e-05
Agreement,UNAGREE-AGREE,UNAGREE,AGREE,p_semantic_neighbors,24,-4.6377380260821895e-06,-4.6763784022763945e-06
ClassicGP,MVRR_AMB-MVRR_UAMB,MVRR_AMB,MVRR_UAMB,entropy,1,-1.5533711878435414,-1.5543568089465574
ClassicGP,MVRR_AMB-MVRR_UAMB,MVRR_AMB,MVRR_UAMB,entropy,2,1.3118802382665495,1.3120016507232304
ClassicGP,MVRR_AMB-MVRR_UAMB,MVRR_AMB,MVRR_UAMB,entropy,3,0.10868593717705284,0.10884661517404408
ClassicGP,MVRR_AMB-MVRR_UAMB,MVRR_AMB,MVRR_UAMB,entropy,4,0.1277394672941613,0.12800655143037915
ClassicGP,MVRR_AMB-MVRR_UAMB,MVRR_AMB,MVRR_UAMB,entropy,5,3.952213134949128,3.9542425369825454
ClassicGP,MVRR_AMB-MVRR_UAMB,MVRR_AMB,MVRR_UAMB,entropy,6,-1.1827655849289898,-1.1833032132627905
ClassicGP,MVRR_AMB-MVRR_UAMB,MVRR_AMB,MVRR_UAMB,entropy,7,-2.4589632415495832,-2.4600704549464547
ClassicGP,MVRR_AMB-MVRR_UAMB,MVRR_AMB,MVRR_UAMB,entropy,8,-1.0812002690378857,-1.0809371096592435
ClassicGP,MVRR_AMB-MVRR_UAMB,MVRR_AMB,MVRR_UAMB,entropy,9,-1.4271060036945544,-1.4276989540818477
ClassicGP,MVRR_AMB-MVRR_UAMB,MVRR_AMB,MVRR_UAMB,entropy,10,-1.6391188167359203,-1.6401156711052791
ClassicGP,MVRR_AMB-MVRR_UAMB,MVRR_AMB,MVRR_UAMB,entropy,11,1.2021071063294004,1.2021783725391235
ClassicGP,MVRR_AMB-MVRR_UAMB,MVRR_AMB,MVRR_UAMB,entropy,12,2.4964871642070277,2.4974237924294194
ClassicGP,MVRR_AMB-MVRR_UAMB,MVRR_AMB,MVRR_UAMB,entropy,13,-0.8465861112442119,-0.846700623961818
ClassicGP,MVRR_AMB-MVRR_UAMB,MVRR_AMB,MVRR_UAMB,entropy,14,0.7886901876367819,0.7910155105680867
ClassicGP,MVRR_AMB-MVRR_UAMB,MVRR_AMB,MVRR_UAMB,entropy,15,0.17790945520587076,0.17873792578639208
ClassicGP,MVRR_AMB-MVRR_UAMB,MVRR_AMB,MVRR_UAMB,entropy,16,2.6605173002841918,2.660988156611861
ClassicGP,MVRR_AMB-MVRR_UAMB,MVRR_AMB,MVRR_UAMB,entropy,17,1.0389452385689466,1.039300699867716
ClassicGP,MVRR_AMB-MVRR_UAMB,MVRR_AMB,MVRR_UAMB,entropy,18,-2.2109757740183698,-2.2117588571313007
ClassicGP,MVRR_AMB-MVRR_UAMB,MVRR_AMB,MVRR_UAMB,entropy,19,-1.413867133734935,-1.4166351929636465
ClassicGP,MVRR_AMB-MVRR_UAMB,MVRR_AMB,MVRR_UAMB,entropy,20,-1.9219899062515615,-1.92295718125488
ClassicGP,MVRR_AMB-MVRR_UAMB,MVRR_AMB,MVRR_UAMB,entropy,21,-0.5623670977759574,-0.5628848807315683
ClassicGP,MVRR_AMB-MVRR_UAMB,MVRR_AMB,MVRR_UAMB,entropy,22,-2.4006341017573254,-2.400989440377421
ClassicGP,MVRR_AMB-MVRR_UAMB,MVRR_AMB,MVRR_UAMB,entropy,23,-1.083373108051937,-1.0833489160008845
ClassicGP,MVRR_AMB-MVRR_UAMB,MVRR_AMB,MVRR_UAMB,entropy,24,1.1736716902693125,1.1736182587066213
ClassicGP,MVRR_AMB-MVRR_UAMB,MVRR_AMB,MVRR_UAMB,sampler_entropy,1,0.7991030708749092,0.7997867885146105
ClassicGP,MVRR_AMB-MVRR_UAMB,MVRR_AMB,MVRR_UAMB,sampler_entropy,2,0.06986569320736218,0.06991867719161739
ClassicGP,MVRR_AMB-MVRR_UAMB,MVRR_AMB,MVRR_UAMB,sampler_entropy,3,-0.02294688668083319,-0.023209216868569593
ClassicGP,MVRR_AMB-MVRR_UAMB,MVRR_AMB,MVRR_UAMB,sampler_entropy,4,-2.133349168204782,-2.138179610026659
ClassicGP,MVRR_AMB-MVRR_UAMB,MVRR_AMB,MVRR_UAMB,sampler_entropy,5,0.5642139243480548,0.5642518936686165
ClassicGP,MVRR_AMB-MVRR_UAMB,MVRR_AMB,MVRR_UAMB,sampler_entropy,6,-0.07972129037032782,-0.08335080747878194
ClassicGP,MVRR_AMB-MVRR_UAMB,MVRR_AMB,MVRR_UAMB,sampler_entropy,7,-0.23770777384839473,-0.2433722131056803
ClassicGP,MVRR_AMB-MVRR_UAMB,MVRR_AMB,MVRR_UAMB,sampler_entropy,8,-0.17195955423853504,-0.17324910719332495
ClassicGP,MVRR_AMB-MVRR_UAMB,MVRR_AMB,MVRR_UAMB,sampler_entropy,9,0.29172154666191363,0.2927205838271124
ClassicGP,MVRR_AMB-MVRR_UAMB,MVRR_AMB,MVRR_UAMB,sampler_entropy,10,0.14238237676908003,0.14132983299045931
ClassicGP,MVRR_AMB-MVRR_UAMB,MVRR_AMB,MVRR_UAMB,sampler_entropy,11,-0.10483229002161842,-0.10622929888558363
ClassicGP,MVRR_AMB-MVRR_UAMB,MVRR_AMB,MVRR_UAMB,sampler_entropy,12,0.7519318042688036,0.7497308132928482
ClassicGP,MVRR_AMB-MVRR_UAMB,MVRR_AMB,MVRR_UAMB,sampler_entropy,13,-0.04302520946042627,-0.045635346345734684
ClassicGP,MVRR_AMB-MVRR_UAMB,MVRR_AMB,MVRR_UAMB,sampler_entropy,14,-0.16477569387186664,-0.1623244493833249
ClassicGP,MVRR_AMB-MVRR_UAMB,MVRR_AMB,MVRR_UAMB,sampler_entropy,15,-0.48289000578262103,-0.4812864856657839
ClassicGP,MVRR_AMB-MVRR_UAMB,MVRR_AMB,MVRR_UAMB,sampler_entropy,16,-0.4268178669411932,-0.43192653478280135
ClassicGP,MVRR_AMB-MVRR_UAMB,MVRR_AMB,MVRR_UAMB,sampler_entropy,17,-0.15353567439707086,-0.15454221808522958
ClassicGP,MVRR_AMB-MVRR_UAMB,MVRR_AMB,MVRR_UAMB,sampler_entropy,18,-0.7487231734050579,-0.748528442456022
ClassicGP,MVRR_AMB-MVRR_UAMB,MVRR_AMB,MVRR_UAMB,sampler_entropy,19,1.3079113969970586,1.3098206601718805
ClassicGP,MVRR_AMB-MVRR_UAMB,MVRR_AMB,MVRR_UAMB,sampler_entropy,20,-0.5745974220822206,-0.5766055789614792
ClassicGP,MVRR_AMB-MVRR_UAMB,MVRR_AMB,MVRR_UAMB,sampler_entropy,21,0.024563279080031437,0.024140782020437554
ClassicGP,MVRR_AMB-MVRR_UAMB,MVRR_AMB,MVRR_UAMB,sampler_entropy,22,-0.6644427229411639,-0.6637723243663096
ClassicGP,MVRR_AMB-MVRR_UAMB,MVRR_AMB,MVRR_UAMB,sampler_entropy,23,-0.5526767654394982,-0.5511719984001728
ClassicGP,MVRR_AMB-MVRR_UAMB,MVRR_AMB,MVRR_UAMB,sampler_entropy,24,-0.048509140925191714,-0.0485487544522442
ClassicGP,MVRR_AMB-MVRR_UAMB,MVRR_AMB,MVRR_UAMB,surprisal,1,0.9282090923296784,0.9285545824756676
ClassicGP,MVRR_AMB-MVRR_UAMB,MVRR_AMB,MVRR_UAMB,surprisal,2,-4.012871228871139,-4.022845259862389
ClassicGP,MVRR_AMB-MVRR_UAMB,MVRR_AMB,MVRR_UAMB,surprisal,3,-3.1543172467933904,-3.159397962119601
ClassicGP,MVRR_AMB-MVRR_UAMB,MVRR_AMB,MVRR_UAMB,surprisal,4,0.9355582454407789,0.9394150341726883
ClassicGP,MVRR_AMB-MVRR_UAMB,MVRR_AMB,MVRR_UAMB,surprisal,5,-6.131426345992272,-6.145260570734442
ClassicGP,MVRR_AMB-MVRR_UAMB,MVRR_AMB,MVRR_UAMB,surprisal,6,0.9465875178567881,0.9500041809433105
ClassicGP,MVRR_AMB-MVRR_UAMB,MVRR_AMB,MVRR_UAMB,surprisal,7,1.8875407085631206,1.8940832283805091
ClassicGP,MVRR_AMB-MVRR_UAMB,MVRR_AMB,MVRR_UAMB,surprisal,8,0.9742451732896101,0.974705304140995
ClassicGP,MVRR_AMB-MVRR_UAMB,MVRR_AMB,MVRR_UAMB,surprisal,9,1.8377610282700991,1.8419454723263562
ClassicGP,MVRR_AMB-MVRR_UAMB,MVRR_AMB,MVRR_UAMB,surprisal,10,2.034839201983244,2.043692144412501
ClassicGP,MVRR_AMB-MVRR_UAMB,MVRR_AMB,MVRR_UAMB,surprisal,11,-2.8449162844935647,-2.8535668409384076
ClassicGP,MVRR_AMB-MVRR_UAMB,MVRR_AMB,MVRR_UAMB,surprisal,12,-2.422003438329528,-2.420406979103974
ClassicGP,MVRR_AMB-MVRR_UAMB,MVRR_AMB,MVRR_UAMB,surprisal,13,-1.0682272734156646,-1.0683081666765013
ClassicGP,MVRR_AMB-MVRR_UAMB,MVRR_AMB,MVRR_UAMB,surprisal,14,-1.5893311739532003,-1.5917696032834203
ClassicGP,MVRR_AMB-MVRR_UAMB,MVRR_AMB,MVRR_UAMB,surprisal,15,-1.1963202710362821,-1.2029174448109008
ClassicGP,MVRR_AMB-MVRR_UAMB,MVRR_AMB,MVRR_UAMB,surprisal,16,-3.807349331093192,-3.819394006440793
ClassicGP,MVRR_AMB-MVRR_UAMB,MVRR_AMB,MVRR_UAMB,surprisal,17,-3.5043962312870742,-3.509475455609894
ClassicGP,MVRR_AMB-MVRR_UAMB,MVRR_AMB,MVRR_UAMB,surprisal,18,1.1835028419896874,1.1783009828853914
ClassicGP,MVRR_AMB-MVRR_UAMB,MVRR_AMB,MVRR_UAMB,surprisal,19,0.8838216026239799,0.8881431428145317
ClassicGP,MVRR_AMB-MVRR_UAMB,MVRR_AMB,MVRR_UAMB,surprisal,20,-0.30826468259736034,-0.30735614401003547
ClassicGP,MVRR_AMB-MVRR_UAMB,MVRR_AMB,MVRR_UAMB,surprisal,21,0.6341055470977737,0.6351394958325822
ClassicGP,MVRR_AMB-MVRR_UAMB,MVRR_AMB,MVRR_UAMB,surprisal,22,-0.8892379611071317,-0.8889651484865606
ClassicGP,MVRR_AMB-MVRR_UAMB,MVRR_AMB,MVRR_UAMB,surprisal,23,1.8365051094929163,1.8419220387513096
ClassicGP,MVRR_AMB-MVRR_UAMB,MVRR_AMB,MVRR_UAMB,surprisal,24,-3.380856228399648,-3.3894377259524644
ClassicGP,MVRR_AMB-MVRR_UAMB,MVRR_AMB,MVRR_UAMB,p_syntactic_group,1,-0.007528918334411771,-0.007520850767747277
ClassicGP,MVRR_AMB-MVRR_UAMB,MVRR_AMB,MVRR_UAMB,p_syntactic_group,2,0.008730352709150598,0.00872902750170697
ClassicGP,MVRR_AMB-MVRR_UAMB,MVRR_AMB,MVRR_UAMB,p_syntactic_group,3,-0.0011809046655220142,-0.0011829552607542362
ClassicGP,MVRR_AMB-MVRR_UAMB,MVRR_AMB,MVRR_UAMB,p_syntactic_group,4,-0.0019220105055108285,-0.001927613146964624
ClassicGP,MVRR_AMB-MVRR_UAMB,MVRR_AMB,MVRR_UAMB,p_syntactic_group,5,0.01949578173567798,0.01949265022444766
ClassicGP,MVRR_AMB-MVRR_UAMB,MVRR_AMB,MVRR_UAMB,p_syntactic_group,6,-0.0011199844087696879,-0.0011161891793221115
ClassicGP,MVRR_AMB-MVRR_UAMB,MVRR_AMB,MVRR_UAMB,p_syntactic_group,7,-0.02354975790691023,-0.02356222667513577
ClassicGP,MVRR_AMB-MVRR_UAMB,MVRR_AMB,MVRR_UAMB,p_syntactic_group,8,-0.012534740102986433,-0.01251886274379137
ClassicGP,MVRR_AMB-MVRR_UAMB,MVRR_AMB,MVRR_UAMB,p_syntactic_group,9,-0.010628996459574921,-0.010632667890350757
ClassicGP,MVRR_AMB-MVRR_UAMB,MVRR_AMB,MVRR_UAMB,p_syntactic_group,10,-0.00947146910193537,-0.009456926110982991
ClassicGP,MVRR_AMB-MVRR_UAMB,MVRR_AMB,MVRR_UAMB,p_syntactic_group,11,0.006791490621695474,0.0067885957241932676
ClassicGP,MVRR_AMB-MVRR_UAMB,MVRR_AMB,MVRR_UAMB,p_syntactic_group,12,0.0210718815266371,0.02108086289571724
ClassicGP,MVRR_AMB-MVRR_UAMB,MVRR_AMB,MVRR_UAMB,p_syntactic_group,13,-0.00429772911056378,-0.004297817033885016
ClassicGP,MVRR_AMB-MVRR_UAMB,MVRR_AMB,MVRR_UAMB,p_syntactic_group,14,0.014756834621269825,0.014746734723201427
ClassicGP,MVRR_AMB-MVRR_UAMB,MVRR_AMB,MVRR_UAMB,p_syntactic_group,15,-0.0021329943602129546,-0.002128117602954617
ClassicGP,MVRR_AMB-MVRR_UAMB,MVRR_AMB,MVRR_UAMB,p_syntactic_group,16,0.009044700309775989,0.009045239248559414
ClassicGP,MVRR_AMB-MVRR_UAMB,MVRR_AMB,MVRR_UAMB,p_syntactic_group,17,0.003981687355994128,0.003981646856195443
ClassicGP,MVRR_AMB-MVRR_UAMB,MVRR_AMB,MVRR_UAMB,p_syntactic_group,18,-0.015600222941065476,-0.015606332849560723
ClassicGP,MVRR_AMB-MVRR_UAMB,MVRR_AMB,MVRR_UAMB,p_syntactic_group,19,-0.004009607955504087,-0.004021964798313234
ClassicGP,MVRR_AMB-MVRR_UAMB,MVRR_AMB,MVRR_UAMB,p_syntactic_group,20,-0.003366336295306307,-0.0033792707146078444
ClassicGP,MVRR_AMB-MVRR_UAMB,MVRR_AMB,MVRR_UAMB,p_syntactic_group,21,-0.0035306640198961136,-0.003529417350872724
ClassicGP,MVRR_AMB-MVRR_UAMB,MVRR_AMB,MVRR_UAMB,p_syntactic_group,22,-0.033607827694105266,-0.0336079939352852
ClassicGP,MVRR_AMB-MVRR_UAMB,MVRR_AMB,MVRR_UAMB,p_syntactic_group,23,-0.056661987139104995,-0.05662475751275127
ClassicGP,MVRR_AMB-MVRR_UAMB,MVRR_AMB,MVRR_UAMB,p_syntactic_group,24,0.006855147218626353,0.006852707622565303
ClassicGP,MVRR_AMB-MVRR_UAMB,MVRR_AMB,MVRR_UAMB,p_semantic_neighbors,1,-0.0027709761071115324,-0.0027672703236637
ClassicGP,MVRR_AMB-MVRR_UAMB,MVRR_AMB,MVRR_UAMB,p_semantic_neighbors,2,4.152796294674659e-05,4.151101944295443e-05
ClassicGP,MVRR_AMB-MVRR_UAMB,MVRR_AMB,MVRR_UAMB,p_semantic_neighbors,3,0.0007362307321097292,0.0007365219772137654
ClassicGP,MVRR_AMB-MVRR_UAMB,MVRR_AMB,MVRR_UAMB,p_semantic_neighbors,4,-1.1706509718645087e-05,-1.176089874841047e-05
ClassicGP,MVRR_AMB-MVRR_UAMB,MVRR_AMB,MVRR_UAMB,p_semantic_neighbors,5,0.0004810247260482184,0.00048057008691180646
ClassicGP,MVRR_AMB-MVRR_UAMB,MVRR_AMB,MVRR_UAMB,p_semantic_neighbors,6,-0.02171909128600935,-0.02169315278832537
ClassicGP,MVRR_AMB-MVRR_UAMB,MVRR_AMB,MVRR_UAMB,p_semantic_neighbors,7,-0.0020650806527017767,-0.002069741080987123
ClassicGP,MVRR_AMB-MVRR_UAMB,MVRR_AMB,MVRR_UAMB,p_semantic_neighbors,8,-0.005206935256898895,-0.005179393136692381
ClassicGP,MVRR_AMB-MVRR_UAMB,MVRR_AMB,MVRR_UAMB,p_semantic_neighbors,9,-4.945513867554685e-05,-4.943981531926646e-05
ClassicGP,MVRR_AMB-MVRR_UAMB,MVRR_AMB,MVRR_UAMB,p_semantic_neighbors,10,-0.0005283531632700824,-0.0005286364739846192
ClassicGP,MVRR_AMB-MVRR_UAMB,MVRR_AMB,MVRR_UAMB,p_semantic_neighbors,11,0.0005901329792878349,0.0005900620363789649
ClassicGP,MVRR_AMB-MVRR_UAMB,MVRR_AMB,MVRR_UAMB,p_semantic_neighbors,12,0.0002958033873180591,0.0002950013382683541
ClassicGP,MVRR_AMB-MVRR_UAMB,MVRR_AMB,MVRR_UAMB,p_semantic_neighbors,13,0.0002424731217267455,0.00024344420945556774
ClassicGP,MVRR_AMB-MVRR_UAMB,MVRR_AMB,MVRR_UAMB,p_semantic_neighbors,14,0.010363775212882622,0.010352384580502066
ClassicGP,MVRR_AMB-MVRR_UAMB,MVRR_AMB,MVRR_UAMB,p_semantic_neighbors,15,2.5110647384506698e-05,2.5117527974286256e-05
ClassicGP,MVRR_AMB-MVRR_UAMB,MVRR_AMB,MVRR_UAMB,p_semantic_neighbors,16,0.0007921771396227961,0.0007925214040022575
ClassicGP,MVRR_AMB-MVRR_UAMB,MVRR_AMB,MVRR_UAMB,p_semantic_neighbors,17,4.6382958684631034e-05,4.639103625687746e-05
ClassicGP,MVRR_AMB-MVRR_UAMB,MVRR_AMB,MVRR_UAMB,p_semantic_neighbors,18,-2.7274373268437223e-05,-2.7204230054712448e-05
ClassicGP,MVRR_AMB-MVRR_UAMB,MVRR_AMB,MVRR_UAMB,p_semantic_neighbors,19,-8.680758289470125e-05,-8.731481347153773e-05
ClassicGP,MVRR_AMB-MVRR_UAMB,MVRR_AMB,MVRR_UAMB,p_semantic_neighbors,20,0.001183288985869617,0.0011791713600272178
ClassicGP,MVRR_AMB-MVRR_UAMB,MVRR_AMB,MVRR_UAMB,p_semantic_neighbors,21,-0.00010898176147435524,-0.00010909941275986431
ClassicGP,MVRR_AMB-MVRR_UAMB,MVRR_AMB,MVRR_UAMB,p_semantic_neighbors,22,-0.001743861990399711,-0.001744968722451436
ClassicGP,MVRR_AMB-MVRR_UAMB,MVRR_AMB,MVRR_UAMB,p_semantic_neighbors,23,-2.166519910969728e-05,-2.166400878106356e-05
ClassicGP,MVRR_AMB-MVRR_UAMB,MVRR_AMB,MVRR_UAMB,p_semantic_neighbors,24,0.0003002550584133001,0.00030003949086812375
ClassicGP,NPS_AMB-NPS_UAMB,NPS_AMB,NPS_UAMB,entropy,1,-0.028457505025236376,-0.02847536842800796
ClassicGP,NPS_AMB-NPS_UAMB,NPS_AMB,NPS_UAMB,entropy,2,-0.5065741704984676,-0.5068145901753895
ClassicGP,NPS_AMB-NPS_UAMB,NPS_AMB,NPS_UAMB,entropy,3,0.9073937681522314,0.9075410669903603
ClassicGP,NPS_AMB-NPS_UAMB,NPS_AMB,NPS_UAMB,entropy,4,0.0580515752867538,0.05817941062327639
ClassicGP,NPS_AMB-NPS_UAMB,NPS_AMB,NPS_UAMB,entropy,5,0.9351625399960288,0.9367897618138995
ClassicGP,NPS_AMB-NPS_UAMB,NPS_AMB,NPS_UAMB,entropy,6,-1.8770244169661345,-1.8771262009841094
ClassicGP,NPS_AMB-NPS_UAMB,NPS_AMB,NPS_UAMB,entropy,7,-0.8826129070756227,-0.8832148036903823
ClassicGP,NPS_AMB-NPS_UAMB,NPS_AMB,NPS_UAMB,entropy,8,0.6025478393673878,0.6032429562465984
ClassicGP,NPS_AMB-NPS_UAMB,NPS_AMB,NPS_UAMB,entropy,9,0.9360891226749288,0.9364156803589236
ClassicGP,NPS_AMB-NPS_UAMB,NPS_AMB,NPS_UAMB,entropy,10,-2.7844399303037686,-2.7849347728585845
ClassicGP,NPS_AMB-NPS_UAMB,NPS_AMB,NPS_UAMB,entropy,11,-1.6962952371873194,-1.6971601598437682
ClassicGP,NPS_AMB-NPS_UAMB,NPS_AMB,NPS_UAMB,entropy,12,-0.5667643545664632,-0.5678025169521541
ClassicGP,NPS_AMB-NPS_UAMB,NPS_AMB,NPS_UAMB,entropy,13,-2.1702117097391116,-2.1722830376301694
ClassicGP,NPS_AMB-NPS_UAMB,NPS_AMB,NPS_UAMB,entropy,14,-0.48122770632848844,-0.4814671382130048
ClassicGP,NPS_AMB-NPS_UAMB,NPS_AMB,NPS_UAMB,entropy,15,-2.420366432806594,-2.4227111885049175
ClassicGP,NPS_AMB-NPS_UAMB,NPS_AMB,NPS_UAMB,entropy,16,1.9285621367179413,1.9292052824877235
ClassicGP,NPS_AMB-NPS_UAMB,NPS_AMB,NPS_UAMB,entropy,17,-3.1990219035422682,-3.1991304640788565
ClassicGP,NPS_AMB-NPS_UAMB,NPS_AMB,NPS_UAMB,entropy,18,0.4967059379954349,0.496783938888207
ClassicGP,NPS_AMB-NPS_UAMB,NPS_AMB,NPS_UAMB,entropy,19,0.6137110050128839,0.6137119932721748
ClassicGP,NPS_AMB-NPS_UAMB,NPS_AMB,NPS_UAMB,entropy,20,-0.822126949107691,-0.8223116683824682
ClassicGP,NPS_AMB-NPS_UAMB,NPS_AMB,NPS_UAMB,entropy,21,-1.6472091196008005,-1.6493925648180738
ClassicGP,NPS_AMB-NPS_UAMB,NPS_AMB,NPS_UAMB,entropy,22,0.634713842373566,0.6348958420667753
ClassicGP,NPS_AMB-NPS_UAMB,NPS_AMB,NPS_UAMB,entropy,23,0.5059854044624368,0.5066414540491984
ClassicGP,NPS_AMB-NPS_UAMB,NPS_AMB,NPS_UAMB,entropy,24,-0.9158629378612767,-0.9162144609499195
ClassicGP,NPS_AMB-NPS_UAMB,NPS_AMB,NPS_UAMB,sampler_entropy,1,0.4406147754132448,0.44227996423013816
ClassicGP,NPS_AMB-NPS_UAMB,NPS_AMB,NPS_UAMB,sampler_entropy,2,-0.5245533081035518,-0.5280725412972513
ClassicGP,NPS_AMB-NPS_UAMB,NPS_AMB,NPS_UAMB,sampler_entropy,3,1.2816648792621477,1.2832265378838792
ClassicGP,NPS_AMB-NPS_UAMB,NPS_AMB,NPS_UAMB,sampler_entropy,4,0.8170106268528119,0.8202577093141776
ClassicGP,NPS_AMB-NPS_UAMB,NPS_AMB,NPS_UAMB,sampler_entropy,5,-0.843111629486084,-0.8473940674384035
ClassicGP,NPS_AMB-NPS_UAMB,NPS_AMB,NPS_UAMB,sampler_entropy,6,-0.5821228506097842,-0.5834762680600085
ClassicGP,NPS_AMB-NPS_UAMB,NPS_AMB,NPS_UAMB,sampler_entropy,7,0.9038711263186968,0.903482162917203
ClassicGP,NPS_AMB-NPS_UAMB,NPS_AMB,NPS_UAMB,sampler_entropy,8,0.3319508028389821,0.3310146344129174
ClassicGP,NPS_AMB-NPS_UAMB,NPS_AMB,NPS_UAMB,sampler_entropy,9,0.8743430500174288,0.8765715131952059
ClassicGP,NPS_AMB-NPS_UAMB,NPS_AMB,NPS_UAMB,sampler_entropy,10,-1.5040282930800664,-1.5065829875550425
ClassicGP,NPS_AMB-NPS_UAMB,NPS_AMB,NPS_UAMB,sampler_entropy,11,1.240290753493956,1.2426353959085268
ClassicGP,NPS_AMB-NPS_UAMB,NPS_AMB,NPS_UAMB,sampler_entropy,12,0.727319295741805,0.7233672049553634
ClassicGP,NPS_AMB-NPS_UAMB,NPS_AMB,NPS_UAMB,sampler_entropy,13,-0.12509679835046333,-0.125325500475951
ClassicGP,NPS_AMB-NPS_UAMB,NPS_AMB,NPS_UAMB,sampler_entropy,14,0.28219612365991026,0.28137784034193614
ClassicGP,NPS_AMB-NPS_UAMB,NPS_AMB,NPS_UAMB,sampler_entropy,15,0.1007747453900436,0.09784244357364055
ClassicGP,NPS_AMB-NPS_UAMB,NPS_AMB,NPS_UAMB,sampler_entropy,16,-0.3988035104023153,-0.39941329066944425
ClassicGP,NPS_AMB-NPS_UAMB,NPS_AMB,NPS_UAMB,sampler_entropy,17,-0.3627640216194804,-0.3661077242843286
ClassicGP,NPS_AMB-NPS_UAMB,NPS_AMB,NPS_UAMB,sampler_entropy,18,0.039034650960759316,0.03817071211717035
ClassicGP,NPS_AMB-NPS_UAMB,NPS_AMB,NPS_UAMB,sampler_entropy,19,0.805832307829929,0.8067056059382793
ClassicGP,NPS_AMB-NPS_UAMB,NPS_AMB,NPS_UAMB,sampler_entropy,20,-0.3731988386892195,-0.37662800518341355
ClassicGP,NPS_AMB-NPS_UAMB,NPS_AMB,NPS_UAMB,sampler_entropy,21,1.0597362808725943,1.060794911027325
ClassicGP,NPS_AMB-NPS_UAMB,NPS_AMB,NPS_UAMB,sampler_entropy,22,-0.7038056901232081,-0.7053009879784445
ClassicGP,NPS_AMB-NPS_UAMB,NPS_AMB,NPS_UAMB,sampler_entropy,23,0.7386329160623216,0.7464880019269062
ClassicGP,NPS_AMB-NPS_UAMB,NPS_AMB,NPS_UAMB,sampler_entropy,24,-0.4001198438663579,-0.4023364061346103
ClassicGP,NPS_AMB-NPS_UAMB,NPS_AMB,NPS_UAMB,surprisal,1,0.4133651427996627,0.4150813036719272
ClassicGP,NPS_AMB-NPS_UAMB,NPS_AMB,NPS_UAMB,surprisal,2,2.2153789238261434,2.224826859231082
ClassicGP,NPS_AMB-NPS_UAMB,NPS_AMB,NPS_UAMB,surprisal,3,0.14948934808160322,0.15130411840107671
ClassicGP,NPS_AMB-NPS_UAMB,NPS_AMB,NPS_UAMB,surprisal,4,1.228822768624142,1.2293626216092433
ClassicGP,NPS_AMB-NPS_UAMB,NPS_AMB,NPS_UAMB,surprisal,5,0.25903714234425346,0.2552338803601846
ClassicGP,NPS_AMB-NPS_UAMB,NPS_AMB,NPS_UAMB,surprisal,6,3.2470523578095833,3.2544049357630165
ClassicGP,NPS_AMB-NPS_UAMB,NPS_AMB,NPS_UAMB,surprisal,7,3.153509107553042,3.1602427507738606
ClassicGP,NPS_AMB-NPS_UAMB,NPS_AMB,NPS_UAMB,surprisal,8,-0.023618786924756174,-0.031111111119061313
ClassicGP,NPS_AMB-NPS_UAMB,NPS_AMB,NPS_UAMB,surprisal,9,-0.32820318565827233,-0.33259016798978974
ClassicGP,NPS_AMB-NPS_UAMB,NPS_AMB,NPS_UAMB,surprisal,10,3.456451929178928,3.4584603519350656
ClassicGP,NPS_AMB-NPS_UAMB,NPS_AMB,NPS_UAMB,surprisal,11,2.4886096553615245,2.497452682014619
ClassicGP,NPS_AMB-NPS_UAMB,NPS_AMB,NPS_UAMB,surprisal,12,0.15762810036953057,0.1561168476810695
ClassicGP,NPS_AMB-NPS_UAMB,NPS_AMB,NPS_UAMB,surprisal,13,0.06135848994717676,0.058504195965190686
ClassicGP,NPS_AMB-NPS_UAMB,NPS_AMB,NPS_UAMB,surprisal,14,0.7512075555778472,0.7514044233415533
ClassicGP,NPS_AMB-NPS_UAMB,NPS_AMB,NPS_UAMB,surprisal,15,0.8491566460905409,0.8503172399128553
ClassicGP,NPS_AMB-NPS_UAMB,NPS_AMB,NPS_UAMB,surprisal,16,-0.5311447661520499,-0.5360817756577668
ClassicGP,NPS_AMB-NPS_UAMB,NPS_AMB,NPS_UAMB,surprisal,17,2.0970624675644856,2.1045351481777255
ClassicGP,NPS_AMB-NPS_UAMB,NPS_AMB,NPS_UAMB,surprisal,18,-1.1955229795635074,-1.1962377931002048
ClassicGP,NPS_AMB-NPS_UAMB,NPS_AMB,NPS_UAMB,surprisal,19,-1.4018991158493024,-1.4055627315866248
ClassicGP,NPS_AMB-NPS_UAMB,NPS_AMB,NPS_UAMB,surprisal,20,2.246801237810979,2.2484134395842914
ClassicGP,NPS_AMB-NPS_UAMB,NPS_AMB,NPS_UAMB,surprisal,21,0.13956555243475083,0.1388426628136333
ClassicGP,NPS_AMB-NPS_UAMB,NPS_AMB,NPS_UAMB,surprisal,22,2.654017655471998,2.660718083027792
ClassicGP,NPS_AMB-NPS_UAMB,NPS_AMB,NPS_UAMB,surprisal,23,0.18298931041675662,0.17902928069846177
ClassicGP,NPS_AMB-NPS_UAMB,NPS_AMB,NPS_UAMB,surprisal,24,0.1145328740549049,0.11544302891344843
ClassicGP,NPS_AMB-NPS_UAMB,NPS_AMB,NPS_UAMB,p_syntactic_group,1,-0.003221552964587363,-0.003214279111896109
ClassicGP,NPS_AMB-NPS_UAMB,NPS_AMB,NPS_UAMB,p_syntactic_group,2,-0.007108964663511412,-0.007109686969144246
ClassicGP,NPS_AMB-NPS_UAMB,NPS_AMB,NPS_UAMB,p_syntactic_group,3,-0.0043165082040813926,-0.004316543214059739
ClassicGP,NPS_AMB-NPS_UAMB,NPS_AMB,NPS_UAMB,p_syntactic_group,4,0.0032387434522260995,0.003240011234468598
ClassicGP,NPS_AMB-NPS_UAMB,NPS_AMB,NPS_UAMB,p_syntactic_group,5,-0.002897812099622958,-0.002876245313617547
ClassicGP,NPS_AMB-NPS_UAMB,NPS_AMB,NPS_UAMB,p_syntactic_group,6,-0.013136206357437038,-0.013123818733336224
ClassicGP,NPS_AMB-NPS_UAMB,NPS_AMB,NPS_UAMB,p_syntactic_group,7,-0.05588504130712273,-0.055908054429027076
ClassicGP,NPS_AMB-NPS_UAMB,NPS_AMB,NPS_UAMB,p_syntactic_group,8,0.0034561989729590815,0.003464655697045316
ClassicGP,NPS_AMB-NPS_UAMB,NPS_AMB,NPS_UAMB,p_syntactic_group,9,0.009039636792013474,0.009037650204901052
ClassicGP,NPS_AMB-NPS_UAMB,NPS_AMB,NPS_UAMB,p_syntactic_group,10,-0.019970796350009905,-0.019954045374225224
ClassicGP,NPS_AMB-NPS_UAMB,NPS_AMB,NPS_UAMB,p_syntactic_group,11,-0.008590541324250188,-0.0085872560434067
ClassicGP,NPS_AMB-NPS_UAMB,NPS_AMB,NPS_UAMB,p_syntactic_group,12,-0.01629002741902444,-0.016297449417265037
ClassicGP,NPS_AMB-NPS_UAMB,NPS_AMB,NPS_UAMB,p_syntactic_group,13,-0.015195165083869094,-0.01519292255690382
ClassicGP,NPS_AMB-NPS_UAMB,NPS_AMB,NPS_UAMB,p_syntactic_group,14,-0.007146594957526696,-0.007138568735780863
ClassicGP,NPS_AMB-NPS_UAMB,NPS_AMB,NPS_UAMB,p_syntactic_group,15,-0.023674727153708944,-0.02366371425441473
ClassicGP,NPS_AMB-NPS_UAMB,NPS_AMB,NPS_UAMB,p_syntactic_group,16,0.005618587432416909,0.005616995668325171
ClassicGP,NPS_AMB-NPS_UAMB,NPS_AMB,NPS_UAMB,p_syntactic_group,17,-0.029988717715323174,-0.02997987366038084
ClassicGP,NPS_AMB-NPS_UAMB,NPS_AMB,NPS_UAMB,p_syntactic_group,18,0.002614515637137971,0.00261474600496154
ClassicGP,NPS_AMB-NPS_UAMB,NPS_AMB,NPS_UAMB,p_syntactic_group,19,0.0005468600260439476,0.0005487171189309523
ClassicGP,NPS_AMB-NPS_UAMB,NPS_AMB,NPS_UAMB,p_syntactic_group,20,-0.02579849141722936,-0.025809133774877903
ClassicGP,NPS_AMB-NPS_UAMB,NPS_AMB,NPS_UAMB,p_syntactic_group,21,-0.016240739366841082,-0.016258180258267585
ClassicGP,NPS_AMB-NPS_UAMB,NPS_AMB,NPS_UAMB,p_syntactic_group,22,-0.00588371807104006,-0.005889812261776136
ClassicGP,NPS_AMB-NPS_UAMB,NPS_AMB,NPS_UAMB,p_syntactic_group,23,0.027223475111344833,0.0272370725612313
ClassicGP,NPS_AMB-NPS_UAMB,NPS_AMB,NPS_UAMB,p_syntactic_group,24,-0.01154086356366061,-0.011541820491138204
ClassicGP,NPS_AMB-NPS_UAMB,NPS_AMB,NPS_UAMB,p_semantic_neighbors,1,-0.0018587909177061298,-0.0018554315979278132
ClassicGP,NPS_AMB-NPS_UAMB,NPS_AMB,NPS_UAMB,p_semantic_neighbors,2,-3.543796508322418e-05,-3.544443441495176e-05
ClassicGP,NPS_AMB-NPS_UAMB,NPS_AMB,NPS_UAMB,p_semantic_neighbors,3,0.00012244425514596253,0.00012253811051086847
ClassicGP,NPS_AMB-NPS_UAMB,NPS_AMB,NPS_UAMB,p_semantic_neighbors,4,-4.406397812098503e-05,-4.397103507418751e-05
ClassicGP,NPS_AMB-NPS_UAMB,NPS_AMB,NPS_UAMB,p_semantic_neighbors,5,-0.00022177678951160586,-0.00022104254317541864
ClassicGP,NPS_AMB-NPS_UAMB,NPS_AMB,NPS_UAMB,p_semantic_neighbors,6,-0.019327928628293526,-0.019293827280881963
ClassicGP,NPS_AMB-NPS_UAMB,NPS_AMB,NPS_UAMB,p_semantic_neighbors,7,-0.005834021542723893,-0.005835586598216776
ClassicGP,NPS_AMB-NPS_UAMB,NPS_AMB,NPS_UAMB,p_semantic_neighbors,8,-0.001973807612275504,-0.0019673463433460318
ClassicGP,NPS_AMB-NPS_UAMB,NPS_AMB,NPS_UAMB,p_semantic_neighbors,9,0.00011135801303512966,0.00011135723632946805
ClassicGP,NPS_AMB-NPS_UAMB,NPS_AMB,NPS_UAMB,p_semantic_neighbors,10,-0.00155188708637357,-0.001551590649915995
ClassicGP,NPS_AMB-NPS_UAMB,NPS_AMB,NPS_UAMB,p_semantic_neighbors,11,-0.0010601438998030482,-0.0010592830704418078
ClassicGP,NPS_AMB-NPS_UAMB,NPS_AMB,NPS_UAMB,p_semantic_neighbors,12,-0.00020653539669782516,-0.00020610512914150437
ClassicGP,NPS_AMB-NPS_UAMB,NPS_AMB,NPS_UAMB,p_semantic_neighbors,13,-0.0001714713579153582,-0.0001702542364057036
ClassicGP,NPS_AMB-NPS_UAMB,NPS_AMB,NPS_UAMB,p_semantic_neighbors,14,-0.006350845308124049,-0.006347859729822812
ClassicGP,NPS_AMB-NPS_UAMB,NPS_AMB,NPS_UAMB,p_semantic_neighbors,15,-0.00034197201575075304,-0.00034229399449951727
ClassicGP,NPS_AMB-NPS_UAMB,NPS_AMB,NPS_UAMB,p_semantic_neighbors,16,0.00032022247308915655,0.00032021086441423737
ClassicGP,NPS_AMB-NPS_UAMB,NPS_AMB,NPS_UAMB,p_semantic_neighbors,17,-0.00032463826814008184,-0.0003244164701970345
ClassicGP,NPS_AMB-NPS_UAMB,NPS_AMB,NPS_UAMB,p_semantic_neighbors,18,1.3849202160533421e-05,1.3838632244376746e-05
ClassicGP,NPS_AMB-NPS_UAMB,NPS_AMB,NPS_UAMB,p_semantic_neighbors,19,0.00017355025259781519,0.0001735180145798488
ClassicGP,NPS_AMB-NPS_UAMB,NPS_AMB,NPS_UAMB,p_semantic_neighbors,20,-0.004949648754529561,-0.004950674295443477
ClassicGP,NPS_AMB-NPS_UAMB,NPS_AMB,NPS_UAMB,p_semantic_neighbors,21,-0.0001651653693433109,-0.00016568657662431827
ClassicGP,NPS_AMB-NPS_UAMB,NPS_AMB,NPS_UAMB,p_semantic_neighbors,22,-0.002273936447786273,-0.002275394691796885
ClassicGP,NPS_AMB-NPS_UAMB,NPS_AMB,NPS_UAMB,p_semantic_neighbors,23,1.5935261600826517e-05,1.5993089699379137e-05
ClassicGP,NPS_AMB-NPS_UAMB,NPS_AMB,NPS_UAMB,p_semantic_neighbors,24,-0.0004061614403371834,-0.00040624501231896807
ClassicGP,NPZ_AMB-NPZ_UAMB,NPZ_AMB,NPZ_UAMB,entropy,1,0.6273094764282816,0.6276088185075689
ClassicGP,NPZ_AMB-NPZ_UAMB,NPZ_AMB,NPZ_UAMB,entropy,2,-1.4561524906544128,-1.4568421756239474
ClassicGP,NPZ_AMB-NPZ_UAMB,NPZ_AMB,NPZ_UAMB,entropy,3,-1.434191877076978,-1.4352579107190926
ClassicGP,NPZ_AMB-NPZ_UAMB,NPZ_AMB,NPZ_UAMB,entropy,4,1.2311960559565078,1.231402999227115
ClassicGP,NPZ_AMB-NPZ_UAMB,NPZ_AMB,NPZ_UAMB,entropy,5,3.6772466286711256,3.6804695493847595
ClassicGP,NPZ_AMB-NPZ_UAMB,NPZ_AMB,NPZ_UAMB,entropy,6,-3.0012698446513957,-3.0021807513519727
ClassicGP,NPZ_AMB-NPZ_UAMB,NPZ_AMB,NPZ_UAMB,entropy,7,-0.5362632777551471,-0.5368173379465359
ClassicGP,NPZ_AMB-NPZ_UAMB,NPZ_AMB,NPZ_UAMB,entropy,8,-0.02664288912993394,-0.027168831732784022
ClassicGP,NPZ_AMB-NPZ_UAMB,NPZ_AMB,NPZ_UAMB,entropy,9,0.7029518866704675,0.7033116598709865
ClassicGP,NPZ_AMB-NPZ_UAMB,NPZ_AMB,NPZ_UAMB,entropy,10,0.6857270064961455,0.685685469519713
ClassicGP,NPZ_AMB-NPZ_UAMB,NPZ_AMB,NPZ_UAMB,entropy,11,2.9630988595538295,2.9636064264545636
ClassicGP,NPZ_AMB-NPZ_UAMB,NPZ_AMB,NPZ_UAMB,entropy,12,3.6156609182868937,3.6199453995491804
ClassicGP,NPZ_AMB-NPZ_UAMB,NPZ_AMB,NPZ_UAMB,entropy,13,-2.584719916223595,-2.5866810590445755
ClassicGP,NPZ_AMB-NPZ_UAMB,NPZ_AMB,NPZ_UAMB,entropy,14,4.324755325600758,4.3268894421645925
ClassicGP,NPZ_AMB-NPZ_UAMB,NPZ_AMB,NPZ_UAMB,entropy,15,-3.5556495280108935,-3.556635713851665
ClassicGP,NPZ_AMB-NPZ_UAMB,NPZ_AMB,NPZ_UAMB,entropy,16,0.14360128844720801,0.14210999239306804
ClassicGP,NPZ_AMB-NPZ_UAMB,NPZ_AMB,NPZ_UAMB,entropy,17,0.5559618331507157,0.5556092660482254
ClassicGP,NPZ_AMB-NPZ_UAMB,NPZ_AMB,NPZ_UAMB,entropy,18,-2.8141126644136567,-2.8162678654212225
ClassicGP,NPZ_AMB-NPZ_UAMB,NPZ_AMB,NPZ_UAMB,entropy,19,-2.79144261920001,-2.792434561469893
ClassicGP,NPZ_AMB-NPZ_UAMB,NPZ_AMB,NPZ_UAMB,entropy,20,2.239570240144918,2.240830885561662
ClassicGP,NPZ_AMB-NPZ_UAMB,NPZ_AMB,NPZ_UAMB,entropy,21,2.599024884285728,2.599896563911414
ClassicGP,NPZ_AMB-NPZ_UAMB,NPZ_AMB,NPZ_UAMB,entropy,22,-2.7022714927741074,-2.703528396798805
ClassicGP,NPZ_AMB-NPZ_UAMB,NPZ_AMB,NPZ_UAMB,entropy,23,0.288756603074012,0.2889039808030008
ClassicGP,NPZ_AMB-NPZ_UAMB,NPZ_AMB,NPZ_UAMB,entropy,24,1.5873804862372782,1.5873774133930802
ClassicGP,NPZ_AMB-NPZ_UAMB,NPZ_AMB,NPZ_UAMB,sampler_entropy,1,-0.3686361939224166,-0.369932186115583
ClassicGP,NPZ_AMB-NPZ_UAMB,NPZ_AMB,NPZ_UAMB,sampler_entropy,2,-0.25847962252458745,-0.26177788371976707
ClassicGP,NPZ_AMB-NPZ_UAMB,NPZ_AMB,NPZ_UAMB,sampler_entropy,3,1.2684372025877988,1.2711358232265297
ClassicGP,NPZ_AMB-NPZ_UAMB,NPZ_AMB,NPZ_UAMB,sampler_entropy,4,0.46096233207376747,0.46011027697135015
ClassicGP,NPZ_AMB-NPZ_UAMB,NPZ_AMB,NPZ_UAMB,sampler_entropy,5,0.15356674525006903,0.15468893191786762
ClassicGP,NPZ_AMB-NPZ_UAMB,NPZ_AMB,NPZ_UAMB,sampler_entropy,6,-0.33309846999058157,-0.3348753212864977
ClassicGP,NPZ_AMB-NPZ_UAMB,NPZ_AMB,NPZ_UAMB,sampler_entropy,7,0.0664074310106248,0.06311160200626709
ClassicGP,NPZ_AMB-NPZ_UAMB,NPZ_AMB,NPZ_UAMB,sampler_entropy,8,0.3815317041310833,0.38112125870302554
ClassicGP,NPZ_AMB-NPZ_UAMB,NPZ_AMB,NPZ_UAMB,sampler_entropy,9,0.860395007564794,0.8613893546792241
ClassicGP,NPZ_AMB-NPZ_UAMB,NPZ_AMB,NPZ_UAMB,sampler_entropy,10,1.3891195291370604,1.3831512275143938
ClassicGP,NPZ_AMB-NPZ_UAMB,NPZ_AMB,NPZ_UAMB,sampler_entropy,11,0.9168492557055987,0.9173470060077783
ClassicGP,NPZ_AMB-NPZ_UAMB,NPZ_AMB,NPZ_UAMB,sampler_entropy,12,-1.08587483867329,-1.0871067237247136
ClassicGP,NPZ_AMB-NPZ_UAMB,NPZ_AMB,NPZ_UAMB,sampler_entropy,13,0.5063200415558551,0.5089444396670473
ClassicGP,NPZ_AMB-NPZ_UAMB,NPZ_AMB,NPZ_UAMB,sampler_entropy,14,1.2883825834073013,1.2901835508958963
ClassicGP,NPZ_AMB-NPZ_UAMB,NPZ_AMB,NPZ_UAMB,sampler_entropy,15,-0.16433741051947062,-0.16826434070535828
ClassicGP,NPZ_AMB-NPZ_UAMB,NPZ_AMB,NPZ_UAMB,sampler_entropy,16,0.6023642919890246,0.6008496330842862
ClassicGP,NPZ_AMB-NPZ_UAMB,NPZ_AMB,NPZ_UAMB,sampler_entropy,17,0.44483317550103274,0.44526734719604305
ClassicGP,NPZ_AMB-NPZ_UAMB,NPZ_AMB,NPZ_UAMB,sampler_entropy,18,0.26154799278057994,0.2608331908680225
ClassicGP,NPZ_AMB-NPZ_UAMB,NPZ_AMB,NPZ_UAMB,sampler_entropy,19,-1.7673619772081997,-1.7730541026657578
ClassicGP,NPZ_AMB-NPZ_UAMB,NPZ_AMB,NPZ_UAMB,sampler_entropy,20,0.30276496998628744,0.2942577413993542
ClassicGP,NPZ_AMB-NPZ_UAMB,NPZ_AMB,NPZ_UAMB,sampler_entropy,21,0.5188145531362024,0.5158530277169258
ClassicGP,NPZ_AMB-NPZ_UAMB,NPZ_AMB,NPZ_UAMB,sampler_entropy,22,0.705847838152593,0.7064554585774996
ClassicGP,NPZ_AMB-NPZ_UAMB,NPZ_AMB,NPZ_UAMB,sampler_entropy,23,-0.2734238786553619,-0.2718180383125619
ClassicGP,NPZ_AMB-NPZ_UAMB,NPZ_AMB,NPZ_UAMB,sampler_entropy,24,1.0721649310097623,1.072253200587069
ClassicGP,NPZ_AMB-NPZ_UAMB,NPZ_AMB,NPZ_UAMB,surprisal,1,-1.4638111254111905,-1.4674259060692676
ClassicGP,NPZ_AMB-NPZ_UAMB,NPZ_AMB,NPZ_UAMB,surprisal,2,1.6346981989758638,1.6379495692976838
ClassicGP,NPZ_AMB-NPZ_UAMB,NPZ_AMB,NPZ_UAMB,surprisal,3,1.0332617061811809,1.036851060490379
ClassicGP,NPZ_AMB-NPZ_UAMB,NPZ_AMB,NPZ_UAMB,surprisal,4,-0.91241671386534,-0.9137667917756286
ClassicGP,NPZ_AMB-NPZ_UAMB,NPZ_AMB,NPZ_UAMB,surprisal,5,-5.7349884104084845,-5.749303731668285
ClassicGP,NPZ_AMB-NPZ_UAMB,NPZ_AMB,NPZ_UAMB,surprisal,6,2.3076284347922122,2.3122881475101615
ClassicGP,NPZ_AMB-NPZ_UAMB,NPZ_AMB,NPZ_UAMB,surprisal,7,0.7127401239835077,0.7153262359688122
ClassicGP,NPZ_AMB-NPZ_UAMB,NPZ_AMB,NPZ_UAMB,surprisal,8,0.7937475080493215,0.7953699970640724
ClassicGP,NPZ_AMB-NPZ_UAMB,NPZ_AMB,NPZ_UAMB,surprisal,9,0.05635733574870162,0.05692489663475905
ClassicGP,NPZ_AMB-NPZ_UAMB,NPZ_AMB,NPZ_UAMB,surprisal,10,-1.2069460681259354,-1.2058452348588524
ClassicGP,NPZ_AMB-NPZ_UAMB,NPZ_AMB,NPZ_UAMB,surprisal,11,-5.057151608825424,-5.071219432190761
ClassicGP,NPZ_AMB-NPZ_UAMB,NPZ_AMB,NPZ_UAMB,surprisal,12,-6.484185888565964,-6.496456830426251
ClassicGP,NPZ_AMB-NPZ_UAMB,NPZ_AMB,NPZ_UAMB,surprisal,13,4.28378821505437,4.290024995009602
ClassicGP,NPZ_AMB-NPZ_UAMB,NPZ_AMB,NPZ_UAMB,surprisal,14,-4.642272298920396,-4.653169861844154
ClassicGP,NPZ_AMB-NPZ_UAMB,NPZ_AMB,NPZ_UAMB,surprisal,15,3.2893126365600565,3.2955549883876074
ClassicGP,NPZ_AMB-NPZ_UAMB,NPZ_AMB,NPZ_UAMB,surprisal,16,1.1773027375426293,1.1874273935703248
ClassicGP,NPZ_AMB-NPZ_UAMB,NPZ_AMB,NPZ_UAMB,surprisal,17,0.5129588114617384,0.512673121859736
ClassicGP,NPZ_AMB-NPZ_UAMB,NPZ_AMB,NPZ_UAMB,surprisal,18,2.8344237834064385,2.8345621128321774
ClassicGP,NPZ_AMB-NPZ_UAMB,NPZ_AMB,NPZ_UAMB,surprisal,19,1.6828318145244765,1.690387089521466
ClassicGP,NPZ_AMB-NPZ_UAMB,NPZ_AMB,NPZ_UAMB,surprisal,20,-0.6282869271897846,-0.6292264039463922
ClassicGP,NPZ_AMB-NPZ_UAMB,NPZ_AMB,NPZ_UAMB,surprisal,21,-3.282637588446849,-3.289288762362487
ClassicGP,NPZ_AMB-NPZ_UAMB,NPZ_AMB,NPZ_UAMB,surprisal,22,2.328011281251633,2.3315046272148257
ClassicGP,NPZ_AMB-NPZ_UAMB,NPZ_AMB,NPZ_UAMB,surprisal,23,0.8468816273299768,0.847236224771161
ClassicGP,NPZ_AMB-NPZ_UAMB,NPZ_AMB,NPZ_UAMB,surprisal,24,-3.081188458357052,-3.0891433111349658
ClassicGP,NPZ_AMB-NPZ_UAMB,NPZ_AMB,NPZ_UAMB,p_syntactic_group,1,0.0013753416731083132,0.0013936666563604825
ClassicGP,NPZ_AMB-NPZ_UAMB,NPZ_AMB,NPZ_UAMB,p_syntactic_group,2,-0.014965431618674025,-0.01496239791457915
ClassicGP,NPZ_AMB-NPZ_UAMB,NPZ_AMB,NPZ_UAMB,p_syntactic_group,3,-0.011910201703456863,-0.011898186108014092
ClassicGP,NPZ_AMB-NPZ_UAMB,NPZ_AMB,NPZ_UAMB,p_syntactic_group,4,0.0075208675009340795,0.0075173133854782425
ClassicGP,NPZ_AMB-NPZ_UAMB,NPZ_AMB,NPZ_UAMB,p_syntactic_group,5,0.045272673597559265,0.04521368347012307
ClassicGP,NPZ_AMB-NPZ_UAMB,NPZ_AMB,NPZ_UAMB,p_syntactic_group,6,-0.011478369562216482,-0.011470039146479517
ClassicGP,NPZ_AMB-NPZ_UAMB,NPZ_AMB,NPZ_UAMB,p_syntactic_group,7,-0.0173263861101428,-0.017338431195231666
ClassicGP,NPZ_AMB-NPZ_UAMB,NPZ_AMB,NPZ_UAMB,p_syntactic_group,8,-0.0013784571334274657,-0.001375710009052707
ClassicGP,NPZ_AMB-NPZ_UAMB,NPZ_AMB,NPZ_UAMB,p_syntactic_group,9,3.8718517523500234e-05,3.5323947945345484e-05
ClassicGP,NPZ_AMB-NPZ_UAMB,NPZ_AMB,NPZ_UAMB,p_syntactic_group,10,0.002754436413357353,0.002754524974491957
ClassicGP,NPZ_AMB-NPZ_UAMB,NPZ_AMB,NPZ_UAMB,p_syntactic_group,11,0.01432631056111411,0.014323922694305876
ClassicGP,NPZ_AMB-NPZ_UAMB,NPZ_AMB,NPZ_UAMB,p_syntactic_group,12,0.06665997445985587,0.06663158049408083
ClassicGP,NPZ_AMB-NPZ_UAMB,NPZ_AMB,NPZ_UAMB,p_syntactic_group,13,-0.01126839884188023,-0.01126333040776355
ClassicGP,NPZ_AMB-NPZ_UAMB,NPZ_AMB,NPZ_UAMB,p_syntactic_group,14,0.02903560750509674,0.02898108938405209
ClassicGP,NPZ_AMB-NPZ_UAMB,NPZ_AMB,NPZ_UAMB,p_syntactic_group,15,-0.023771810582345815,-0.023759083374539677
ClassicGP,NPZ_AMB-NPZ_UAMB,NPZ_AMB,NPZ_UAMB,p_syntactic_group,16,0.0003453514804821679,0.0003270327263418776
ClassicGP,NPZ_AMB-NPZ_UAMB,NPZ_AMB,NPZ_UAMB,p_syntactic_group,17,0.0020800729530716325,0.0020698996493123227
ClassicGP,NPZ_AMB-NPZ_UAMB,NPZ_AMB,NPZ_UAMB,p_syntactic_group,18,-0.04601015486121652,-0.04602781921755776
ClassicGP,NPZ_AMB-NPZ_UAMB,NPZ_AMB,NPZ_UAMB,p_syntactic_group,19,-0.016986278191774607,-0.016974300566951307
ClassicGP,NPZ_AMB-NPZ_UAMB,NPZ_AMB,NPZ_UAMB,p_syntactic_group,20,0.019454537510095602,0.01942705338827512
ClassicGP,NPZ_AMB-NPZ_UAMB,NPZ_AMB,NPZ_UAMB,p_syntactic_group,21,0.023600330714938098,0.02360160633563247
ClassicGP,NPZ_AMB-NPZ_UAMB,NPZ_AMB,NPZ_UAMB,p_syntactic_group,22,-0.03460428807731696,-0.034572420620720204
ClassicGP,NPZ_AMB-NPZ_UAMB,NPZ_AMB,NPZ_UAMB,p_syntactic_group,23,-0.05202750993337713,-0.052007185863278585
ClassicGP,NPZ_AMB-NPZ_UAMB,NPZ_AMB,NPZ_UAMB,p_syntactic_group,24,0.01128227291508007,0.011280937552353773
ClassicGP,NPZ_AMB-NPZ_UAMB,NPZ_AMB,NPZ_UAMB,p_semantic_neighbors,1,0.0006668786902136445,0.0006880196020747702
ClassicGP,NPZ_AMB-NPZ_UAMB,NPZ_AMB,NPZ_UAMB,p_semantic_neighbors,2,-0.00010788709239582442,-0.00010780002517468409
ClassicGP,NPZ_AMB-NPZ_UAMB,NPZ_AMB,NPZ_UAMB,p_semantic_neighbors,3,-0.00035397027021669044,-0.0003530255190487357
ClassicGP,NPZ_AMB-NPZ_UAMB,NPZ_AMB,NPZ_UAMB,p_semantic_neighbors,4,0.00014419110919100756,0.00014399372737935833
ClassicGP,NPZ_AMB-NPZ_UAMB,NPZ_AMB,NPZ_UAMB,p_semantic_neighbors,5,0.0027686154161209735,0.002771447416344679
ClassicGP,NPZ_AMB-NPZ_UAMB,NPZ_AMB,NPZ_UAMB,p_semantic_neighbors,6,-0.07710906765525212,-0.07711638816168057
ClassicGP,NPZ_AMB-NPZ_UAMB,NPZ_AMB,NPZ_UAMB,p_semantic_neighbors,7,-0.002342631210316648,-0.0023482338645345264
ClassicGP,NPZ_AMB-NPZ_UAMB,NPZ_AMB,NPZ_UAMB,p_semantic_neighbors,8,-0.0020615157108085074,-0.0020609439125515404
ClassicGP,NPZ_AMB-NPZ_UAMB,NPZ_AMB,NPZ_UAMB,p_semantic_neighbors,9,8.21073713904978e-06,8.151808642831812e-06
ClassicGP,NPZ_AMB-NPZ_UAMB,NPZ_AMB,NPZ_UAMB,p_semantic_neighbors,10,5.741858468776805e-05,5.745078926794762e-05
ClassicGP,NPZ_AMB-NPZ_UAMB,NPZ_AMB,NPZ_UAMB,p_semantic_neighbors,11,0.0016479781103005886,0.001648201763824359
ClassicGP,NPZ_AMB-NPZ_UAMB,NPZ_AMB,NPZ_UAMB,p_semantic_neighbors,12,0.001575886202691763,0.0015748831439458002
ClassicGP,NPZ_AMB-NPZ_UAMB,NPZ_AMB,NPZ_UAMB,p_semantic_neighbors,13,-0.0008249350514727091,-0.0008245367485516042
ClassicGP,NPZ_AMB-NPZ_UAMB,NPZ_AMB,NPZ_UAMB,p_semantic_neighbors,14,0.02215718154273756,0.02214058541413283
ClassicGP,NPZ_AMB-NPZ_UAMB,NPZ_AMB,NPZ_UAMB,p_semantic_neighbors,15,-0.0005233283620654747,-0.0005229448009987994
ClassicGP,NPZ_AMB-NPZ_UAMB,NPZ_AMB,NPZ_UAMB,p_semantic_neighbors,16,-0.0004605155425570584,-0.0004625157514841393
ClassicGP,NPZ_AMB-NPZ_UAMB,NPZ_AMB,NPZ_UAMB,p_semantic_neighbors,17,-2.1728494706026025e-05,-2.1742998446694994e-05
ClassicGP,NPZ_AMB-NPZ_UAMB,NPZ_AMB,NPZ_UAMB,p_semantic_neighbors,18,-3.0284674659808885e-05,-3.025950197845906e-05
ClassicGP,NPZ_AMB-NPZ_UAMB,NPZ_AMB,NPZ_UAMB,p_semantic_neighbors,19,-0.0006055711724813925,-0.0006058376611760766
ClassicGP,NPZ_AMB-NPZ_UAMB,NPZ_AMB,NPZ_UAMB,p_semantic_neighbors,20,0.0010353132679413058,0.001037771369029396
ClassicGP,NPZ_AMB-NPZ_UAMB,NPZ_AMB,NPZ_UAMB,p_semantic_neighbors,21,0.0008269083848939438,0.0008263074690131966
ClassicGP,NPZ_AMB-NPZ_UAMB,NPZ_AMB,NPZ_UAMB,p_semantic_neighbors,22,-0.004695520216570944,-0.004691121640962394
ClassicGP,NPZ_AMB-NPZ_UAMB,NPZ_AMB,NPZ_UAMB,p_semantic_neighbors,23,-1.583740856842197e-05,-1.5791306806772288e-05
ClassicGP,NPZ_AMB-NPZ_UAMB,NPZ_AMB,NPZ_UAMB,p_semantic_neighbors,24,0.0003493539336344571,0.0003494793222246352
RelativeClause,RC_Obj-RC_Subj,RC_Obj,RC_Subj,entropy,25,-1.483248640157203,-1.478032164711275
RelativeClause,RC_Obj-RC_Subj,RC_Obj,RC_Subj,entropy,26,-3.795029114747125,-3.7901183706349597
RelativeClause,RC_Obj-RC_Subj,RC_Obj,RC_Subj,entropy,27,-0.9948045259292927,-0.9900662641754904
RelativeClause,RC_Obj-RC_Subj,RC_Obj,RC_Subj,entropy,28,0.10842792808311076,0.11445066871603585
RelativeClause,RC_Obj-RC_Subj,RC_Obj,RC_Subj,entropy,29,-2.719872645648505,-2.7189452395688614
RelativeClause,RC_Obj-RC_Subj,RC_Obj,RC_Subj,entropy,30,-4.560553778426455,-4.557688584953896
RelativeClause,RC_Obj-RC_Subj,RC_Obj,RC_Subj,entropy,31,-1.968592601660709,-1.9660300271020006
RelativeClause,RC_Obj-RC_Subj,RC_Obj,RC_Subj,entropy,32,-3.289666295538109,-3.286531915651767
RelativeClause,RC_Obj-RC_Subj,RC_Obj,RC_Subj,entropy,33,-0.8791080728156642,-0.8748639865817847
RelativeClause,RC_Obj-RC_Subj,RC_Obj,RC_Subj,entropy,34,-1.8572417786459425,-1.8509826634192
RelativeClause,RC_Obj-RC_Subj,RC_Obj,RC_Subj,entropy,35,-0.09296950868078169,-0.09155566142571181
RelativeClause,RC_Obj-RC_Subj,RC_Obj,RC_Subj,entropy,36,-0.40619428993584156,-0.40331621199115747
RelativeClause,RC_Obj-RC_Subj,RC_Obj,RC_Subj,entropy,37,-3.8869546380109763,-3.8844169361696226
RelativeClause,RC_Obj-RC_Subj,RC_Obj,RC_Subj,entropy,38,-2.5774014268097143,-2.574985853399037
RelativeClause,RC_Obj-RC_Subj,RC_Obj,RC_Subj,entropy,39,-2.1524337592017226,-2.146181973853981
RelativeClause,RC_Obj-RC_Subj,RC_Obj,RC_Subj,entropy,40,1.4823138258321882,1.481947048620562
RelativeClause,RC_Obj-RC_Subj,RC_Obj,RC_Subj,entropy,41,-0.20135812517854584,-0.1976549818554268
RelativeClause,RC_Obj-RC_Subj,RC_Obj,RC_Subj,entropy,42,-2.449568731100556,-2.4479696890201446
RelativeClause,RC_Obj-RC_Subj,RC_Obj,RC_Subj,entropy,43,-3.5310929985181776,-3.527990530684962
RelativeClause,RC_Obj-RC_Subj,RC_Obj,RC_Subj,entropy,44,-2.3179132193234517,-2.313329099239992
RelativeClause,RC_Obj-RC_Subj,RC_Obj,RC_Subj,entropy,45,1.1168154015740257,1.1165066657554068
RelativeClause,RC_Obj-RC_Subj,RC_Obj,RC_Subj,entropy,46,-0.8911082292904482,-0.8874140633723975
RelativeClause,RC_Obj-RC_Subj,RC_Obj,RC_Subj,entropy,47,-1.7844259466738652,-1.7811243701347328
RelativeClause,RC_Obj-RC_Subj,RC_Obj,RC_Subj,entropy,48,-1.7597277024084579,-1.7581310656327804
RelativeClause,RC_Obj-RC_Subj,RC_Obj,RC_Subj,sampler_entropy,25,-3.7805103218735154,-3.7863294335646547
RelativeClause,RC_Obj-RC_Subj,RC_Obj,RC_Subj,sampler_entropy,26,-3.771171329141262,-3.7771389234012127
RelativeClause,RC_Obj-RC_Subj,RC_Obj,RC_Subj,sampler_entropy,27,-4.245166537186608,-4.250664081426827
RelativeClause,RC_Obj-RC_Subj,RC_Obj,RC_Subj,sampler_entropy,28,-2.3559064207843803,-2.35998383342839
RelativeClause,RC_Obj-RC_Subj,RC_Obj,RC_Subj,sampler_entropy,29,-3.525825717449188,-3.5296780547904008
RelativeClause,RC_Obj-RC_Subj,RC_Obj,RC_Subj,sampler_entropy,30,-4.572959383360705,-4.567885822618987
RelativeClause,RC_Obj-RC_Subj,RC_Obj,RC_Subj,sampler_entropy,31,-4.320859651421781,-4.323073015595677
RelativeClause,RC_Obj-RC_Subj,RC_Obj,RC_Subj,sampler_entropy,32,-4.159396659549157,-4.160649149078501
RelativeClause,RC_Obj-RC_Subj,RC_Obj,RC_Subj,sampler_entropy,33,-2.427488440029585,-2.4271921378212
RelativeClause,RC_Obj-RC_Subj,RC_Obj,RC_Subj,sampler_entropy,34,-2.814046991482452,-2.816362659550866
RelativeClause,RC_Obj-RC_Subj,RC_Obj,RC_Subj,sampler_entropy,35,-3.5002429457046276,-3.506351075134254
RelativeClause,RC_Obj-RC_Subj,RC_Obj,RC_Subj,sampler_entropy,36,-0.7861417831727607,-0.7843483358720181
RelativeClause,RC_Obj-RC_Subj,RC_Obj,RC_Subj,sampler_entropy,37,-1.8676725659538151,-1.8693060812807207
RelativeClause,RC_Obj-RC_Subj,RC_Obj,RC_Subj,sampler_entropy,38,-3.1723366629897645,-3.170662107162049
RelativeClause,RC_Obj-RC_Subj,RC_Obj,RC_Subj,sampler_entropy,39,-1.7921467059101894,-1.7907789669290692
RelativeClause,RC_Obj-RC_Subj,RC_Obj,RC_Subj,sampler_entropy,40,0.532135913719484,0.526134337961323
RelativeClause,RC_Obj-RC_Subj,RC_Obj,RC_Subj,sampler_entropy,41,-3.093791301070745,-3.1014483128950774
RelativeClause,RC_Obj-RC_Subj,RC_Obj,RC_Subj,sampler_entropy,42,-3.6140955030738406,-3.620116317673454
RelativeClause,RC_Obj-RC_Subj,RC_Obj,RC_Subj,sampler_entropy,43,-2.487384361214374,-2.483884537226925
RelativeClause,RC_Obj-RC_Subj,RC_Obj,RC_Subj,sampler_entropy,44,-2.544145089525672,-2.549268143998411
RelativeClause,RC_Obj-RC_Subj,RC_Obj,RC_Subj,sampler_entropy,45,0.08743103637168163,0.09003831767026858
RelativeClause,RC_Obj-RC_Subj,RC_Obj,RC_Subj,sampler_entropy,46,-3.7574407938257535,-3.7609605133369417
RelativeClause,RC_Obj-RC_Subj,RC_Obj,RC_Subj,sampler_entropy,47,-2.597002549027678,-2.598358750797872
RelativeClause,RC_Obj-RC_Subj,RC_Obj,RC_Subj,sampler_entropy,48,-4.743953540600724,-4.751794937544918
RelativeClause,RC_Obj-RC_Subj,RC_Obj,RC_Subj,surprisal,25,-9.413447464012505,-9.416480551087338
RelativeClause,RC_Obj-RC_Subj,RC_Obj,RC_Subj,surprisal,26,-9.477779483626197,-9.483765331561443
RelativeClause,RC_Obj-RC_Subj,RC_Obj,RC_Subj,surprisal,27,-6.346556294551822,-6.363621654271634
RelativeClause,RC_Obj-RC_Subj,RC_Obj,RC_Subj,surprisal,28,-9.933175895038582,-9.940347733162824
RelativeClause,RC_Obj-RC_Subj,RC_Obj,RC_Subj,surprisal,29,-1.175207172996717,-1.173511817285642
RelativeClause,RC_Obj-RC_Subj,RC_Obj,RC_Subj,surprisal,30,1.238435870042643,1.2468830432718905
RelativeClause,RC_Obj-RC_Subj,RC_Obj,RC_Subj,surprisal,31,-12.11941548683673,-12.11664261413899
RelativeClause,RC_Obj-RC_Subj,RC_Obj,RC_Subj,surprisal,32,-9.082474178184045,-9.076790338611845
RelativeClause,RC_Obj-RC_Subj,RC_Obj,RC_Subj,surprisal,33,-8.249507629361384,-8.248142335256947
RelativeClause,RC_Obj-RC_Subj,RC_Obj,RC_Subj,surprisal,34,-8.976685312291043,-8.982774119588736
RelativeClause,RC_Obj-RC_Subj,RC_Obj,RC_Subj,surprisal,35,6.4322221781407505,6.433858062387252
RelativeClause,RC_Obj-RC_Subj,RC_Obj,RC_Subj,surprisal,36,-9.24451615248384,-9.244950936539048
RelativeClause,RC_Obj-RC_Subj,RC_Obj,RC_Subj,surprisal,37,1.7252533426292442,1.7284850876821787
RelativeClause,RC_Obj-RC_Subj,RC_Obj,RC_Subj,surprisal,38,-7.852939307640127,-7.85532932723335
RelativeClause,RC_Obj-RC_Subj,RC_Obj,RC_Subj,surprisal,39,-8.126832303415723,-8.116928663899518
RelativeClause,RC_Obj-RC_Subj,RC_Obj,RC_Subj,surprisal,40,-5.594500309529251,-5.587637481770943
RelativeClause,RC_Obj-RC_Subj,RC_Obj,RC_Subj,surprisal,41,-8.987985019632411,-8.997096057608573
RelativeClause,RC_Obj-RC_Subj,RC_Obj,RC_Subj,surprisal,42,5.722166678936795,5.722298576071853
RelativeClause,RC_Obj-RC_Subj,RC_Obj,RC_Subj,surprisal,43,-8.566531490033821,-8.566940777245847
RelativeClause,RC_Obj-RC_Subj,RC_Obj,RC_Subj,surprisal,44,-12.270098674936118,-12.261979468594701
RelativeClause,RC_Obj-RC_Subj,RC_Obj,RC_Subj,surprisal,45,16.547179561314817,16.554265655610244
RelativeClause,RC_Obj-RC_Subj,RC_Obj,RC_Subj,surprisal,46,-8.229712342613668,-8.237310764821135
RelativeClause,RC_Obj-RC_Subj,RC_Obj,RC_Subj,surprisal,47,-5.300392110719417,-5.307280544199341
RelativeClause,RC_Obj-RC_Subj,RC_Obj,RC_Subj,surprisal,48,-0.20760239220848503,-0.21029292545313957
RelativeClause,RC_Obj-RC_Subj,RC_Obj,RC_Subj,p_syntactic_group,25,-0.13459099828809767,-0.13429655269727622
RelativeClause,RC_Obj-RC_Subj,RC_Obj,RC_Subj,p_syntactic_group,26,-0.03220484992792478,-0.03212020452515767
RelativeClause,RC_Obj-RC_Subj,RC_Obj,RC_Subj,p_syntactic_group,27,0.06398123660962657,0.0640047015181285
RelativeClause,RC_Obj-RC_Subj,RC_Obj,RC_Subj,p_syntactic_group,28,0.06378597700006983,0.06376362449785869
RelativeClause,RC_Obj-RC_Subj,RC_Obj,RC_Subj,p_syntactic_group,29,-0.13722560460191308,-0.1370518040069526
RelativeClause,RC_Obj-RC_Subj,RC_Obj,RC_Subj,p_syntactic_group,30,-0.14880444312203128,-0.14853003976190582
RelativeClause,RC_Obj-RC_Subj,RC_Obj,RC_Subj,p_syntactic_group,31,-0.04847350383191423,-0.04839242856254568
RelativeClause,RC_Obj-RC_Subj,RC_Obj,RC_Subj,p_syntactic_group,32,-0.16012911981568176,-0.15991186703553753
RelativeClause,RC_Obj-RC_Subj,RC_Obj,RC_Subj,p_syntactic_group,33,-0.1761123481927881,-0.17575365576492413
RelativeClause,RC_Obj-RC_Subj,RC_Obj,RC_Subj,p_syntactic_group,34,-0.09209578872059032,-0.09173296626289175
RelativeClause,RC_Obj-RC_Subj,RC_Obj,RC_Subj,p_syntactic_group,35,-0.09918453422674307,-0.09913471628104806
RelativeClause,RC_Obj-RC_Subj,RC_Obj,RC_Subj,p_syntactic_group,36,-0.1335557995129616,-0.1332582131948799
RelativeClause,RC_Obj-RC_Subj,RC_Obj,RC_Subj,p_syntactic_group,37,6.125233045684387e-05,6.402540106628748e-05
RelativeClause,RC_Obj-RC_Subj,RC_Obj,RC_Subj,p_syntactic_group,38,-0.11753452697841979,-0.1173630621770735
RelativeClause,RC_Obj-RC_Subj,RC_Obj,RC_Subj,p_syntactic_group,39,-0.14073950258552068,-0.14034121992239318
RelativeClause,RC_Obj-RC_Subj,RC_Obj,RC_Subj,p_syntactic_group,40,-0.11290697121846067,-0.11284367115129645
RelativeClause,RC_Obj-RC_Subj,RC_Obj,RC_Subj,p_syntactic_group,41,-0.035421086458502685,-0.0353694035237934
RelativeClause,RC_Obj-RC_Subj,RC_Obj,RC_Subj,p_syntactic_group,42,-0.1967774357477547,-0.196598271272455
RelativeClause,RC_Obj-RC_Subj,RC_Obj,RC_Subj,p_syntactic_group,43,-0.029662503889480166,-0.02962584223079955
RelativeClause,RC_Obj-RC_Subj,RC_Obj,RC_Subj,p_syntactic_group,44,-0.14531572857283873,-0.1449670442083281
RelativeClause,RC_Obj-RC_Subj,RC_Obj,RC_Subj,p_syntactic_group,45,-0.0325030804478555,-0.032473778421195226
RelativeClause,RC_Obj-RC_Subj,RC_Obj,RC_Subj,p_syntactic_group,46,0.04368978317300527,0.043617358199245455
RelativeClause,RC_Obj-RC_Subj,RC_Obj,RC_Subj,p_syntactic_group,47,-0.14619833319263756,-0.1459975375120354
RelativeClause,RC_Obj-RC_Subj,RC_Obj,RC_Subj,p_syntactic_group,48,-0.07181797158425458,-0.07169979274450526
RelativeClause,RC_Obj-RC_Subj,RC_Obj,RC_Subj,p_semantic_neighbors,25,0.12672975623884702,0.1266612080230345
RelativeClause,RC_Obj-RC_Subj,RC_Obj,RC_Subj,p_semantic_neighbors,26,0.0274492560582106,0.027440302634690106
RelativeClause,RC_Obj-RC_Subj,RC_Obj,RC_Subj,p_semantic_neighbors,27,0.10378926552461504,0.103773976075735
RelativeClause,RC_Obj-RC_Subj,RC_Obj,RC_Subj,p_semantic_neighbors,28,0.150624765618997,0.15062974649453045
RelativeClause,RC_Obj-RC_Subj,RC_Obj,RC_Subj,p_semantic_neighbors,29,0.002086166488458505,0.002082499032618086
RelativeClause,RC_Obj-RC_Subj,RC_Obj,RC_Subj,p_semantic_neighbors,30,0.0014042264344532266,0.0013920018573130165
RelativeClause,RC_Obj-RC_Subj,RC_Obj,RC_Subj,p_semantic_neighbors,31,0.11933563439825418,0.11926361126489221
RelativeClause,RC_Obj-RC_Subj,RC_Obj,RC_Subj,p_semantic_neighbors,32,0.03825363026079891,0.03819734058674132
RelativeClause,RC_Obj-RC_Subj,RC_Obj,RC_Subj,p_semantic_neighbors,33,0.17665655208643735,0.1765867085109214
RelativeClause,RC_Obj-RC_Subj,RC_Obj,RC_Subj,p_semantic_neighbors,34,0.11681737960550567,0.11676624120918426
RelativeClause,RC_Obj-RC_Subj,RC_Obj,RC_Subj,p_semantic_neighbors,35,-0.004814429287556035,-0.004804882335256208
RelativeClause,RC_Obj-RC_Subj,RC_Obj,RC_Subj,p_semantic_neighbors,36,0.10400796240736074,0.1039158289905977
RelativeClause,RC_Obj-RC_Subj,RC_Obj,RC_Subj,p_semantic_neighbors,37,-0.012169592122902678,-0.012197628491148183
RelativeClause,RC_Obj-RC_Subj,RC_Obj,RC_Subj,p_semantic_neighbors,38,0.11875445847007075,0.11872134648709796
RelativeClause,RC_Obj-RC_Subj,RC_Obj,RC_Subj,p_semantic_neighbors,39,0.05318922830426243,0.05317136851932861
RelativeClause,RC_Obj-RC_Subj,RC_Obj,RC_Subj,p_semantic_neighbors,40,0.04868983880907976,0.04865665129093122
RelativeClause,RC_Obj-RC_Subj,RC_Obj,RC_Subj,p_semantic_neighbors,41,0.14540872808721794,0.14532489437757323
RelativeClause,RC_Obj-RC_Subj,RC_Obj,RC_Subj,p_semantic_neighbors,42,-0.00016523816246078054,-0.00016269020113682584
RelativeClause,RC_Obj-RC_Subj,RC_Obj,RC_Subj,p_semantic_neighbors,43,0.042317867134939284,0.04228997909020314
RelativeClause,RC_Obj-RC_Subj,RC_Obj,RC_Subj,p_semantic_neighbors,44,0.10790727999351973,0.10787617012157363
RelativeClause,RC_Obj-RC_Subj,RC_Obj,RC_Subj,p_semantic_neighbors,45,-0.06460717834132429,-0.06460914193402048
RelativeClause,RC_Obj-RC_Subj,RC_Obj,RC_Subj,p_semantic_neighbors,46,0.19071980117376597,0.1906768419337893
RelativeClause,RC_Obj-RC_Subj,RC_Obj,RC_Subj,p_semantic_neighbors,47,0.027467365561805027,0.02741826900270531
RelativeClause,RC_Obj-RC_Subj,RC_Obj,RC_Subj,p_semantic_neighbors,48,0.03835639116950532,0.03832897744055714
AttachmentAmbiguity,AttachHigh-AttachMulti,AttachHigh,AttachMulti,entropy,49,-2.5837123259677823,-2.5852676462297177
AttachmentAmbiguity,AttachHigh-AttachMulti,AttachHigh,AttachMulti,entropy,50,0.09606361738663534,0.09464206170530694
AttachmentAmbiguity,AttachHigh-AttachMulti,AttachHigh,AttachMulti,entropy,51,0.05307614747835001,0.053056172869122856
AttachmentAmbiguity,AttachHigh-AttachMulti,AttachHigh,AttachMulti,entropy,52,-0.020628297124245208,-0.02063882087455717
AttachmentAmbiguity,AttachHigh-AttachMulti,AttachHigh,AttachMulti,entropy,53,-1.312750735224866,-1.3140805748517717
AttachmentAmbiguity,AttachHigh-AttachMulti,AttachHigh,AttachMulti,entropy,54,-0.00011851913740287458,-0.00011991887290074634
AttachmentAmbiguity,AttachHigh-AttachMulti,AttachHigh,AttachMulti,entropy,55,0.1369702121337185,0.1368672371300263
AttachmentAmbiguity,AttachHigh-AttachMulti,AttachHigh,AttachMulti,entropy,56,0.10419104304136564,0.10415330508592671
AttachmentAmbiguity,AttachHigh-AttachMulti,AttachHigh,AttachMulti,entropy,57,-0.04045896233483009,-0.04023556382441918
AttachmentAmbiguity,AttachHigh-AttachMulti,AttachHigh,AttachMulti,entropy,58,-0.05253481168941079,-0.05313726668258678
AttachmentAmbiguity,AttachHigh-AttachMulti,AttachHigh,AttachMulti,entropy,59,-0.08168177803180392,-0.08221615870481558
AttachmentAmbiguity,AttachHigh-AttachMulti,AttachHigh,AttachMulti,entropy,60,0.6679061981253607,0.6684558264377936
AttachmentAmbiguity,AttachHigh-AttachMulti,AttachHigh,AttachMulti,entropy,61,-0.05633800090229765,-0.05637164507468097
AttachmentAmbiguity,AttachHigh-AttachMulti,AttachHigh,AttachMulti,entropy,62,0.1969508218498966,0.19737889567737063
AttachmentAmbiguity,AttachHigh-AttachMulti,AttachHigh,AttachMulti,entropy,63,0.1571862814403677,0.15732488706011355
AttachmentAmbiguity,AttachHigh-AttachMulti,AttachHigh,AttachMulti,entropy,64,0.6002924899400292,0.6015209852635528
AttachmentAmbiguity,AttachHigh-AttachMulti,AttachHigh,AttachMulti,entropy,65,-2.5820817490270707,-2.583736783944142
AttachmentAmbiguity,AttachHigh-AttachMulti,AttachHigh,AttachMulti,entropy,66,0.06865297310938825,0.06857501221633276
AttachmentAmbiguity,AttachHigh-AttachMulti,AttachHigh,AttachMulti,entropy,67,1.203786866388251,1.2040562133318484
AttachmentAmbiguity,AttachHigh-AttachMulti,AttachHigh,AttachMulti,entropy,68,0.009609706653937242,0.010057001356600374
AttachmentAmbiguity,AttachHigh-AttachMulti,AttachHigh,AttachMulti,entropy,69,0.20292446350884716,0.2028116394117128
AttachmentAmbiguity,AttachHigh-AttachMulti,AttachHigh,AttachMulti,entropy,70,0.018222867541492507,0.018238996354472323
AttachmentAmbiguity,AttachHigh-AttachMulti,AttachHigh,AttachMulti,entropy,71,0.23884846414502556,0.2385638248785453
AttachmentAmbiguity,AttachHigh-AttachMulti,AttachHigh,AttachMulti,entropy,72,0.07632584321570009,0.0765428979761897
AttachmentAmbiguity,AttachHigh-AttachMulti,AttachHigh,AttachMulti,sampler_entropy,49,1.2767227727204713,1.2792194722315928
AttachmentAmbiguity,AttachHigh-AttachMulti,AttachHigh,AttachMulti,sampler_entropy,50,0.4666492745504908,0.4660883845622149
AttachmentAmbiguity,AttachHigh-AttachMulti,AttachHigh,AttachMulti,sampler_entropy,51,0.1049927615041112,0.10427894653333242
AttachmentAmbiguity,AttachHigh-AttachMulti,AttachHigh,AttachMulti,sampler_entropy,52,-0.3453481524433921,-0.34553348770954606
AttachmentAmbiguity,AttachHigh-AttachMulti,AttachHigh,AttachMulti,sampler_entropy,53,0.4007180562091229,0.4009874049215818
AttachmentAmbiguity,AttachHigh-AttachMulti,AttachHigh,AttachMulti,sampler_entropy,54,0.307124264875249,0.3070698150230572
AttachmentAmbiguity,AttachHigh-AttachMulti,AttachHigh,AttachMulti,sampler_entropy,55,0.38919434233526495,0.3891392309663694
AttachmentAmbiguity,AttachHigh-AttachMulti,AttachHigh,AttachMulti,sampler_entropy,56,0.5697714800451269,0.5700315261819724
AttachmentAmbiguity,AttachHigh-AttachMulti,AttachHigh,AttachMulti,sampler_entropy,57,1.2653993482086525,1.2663619489020301
AttachmentAmbiguity,AttachHigh-AttachMulti,AttachHigh,AttachMulti,sampler_entropy,58,0.08731427996601879,0.08339363575427197
AttachmentAmbiguity,AttachHigh-AttachMulti,AttachHigh,AttachMulti,sampler_entropy,59,0.547054761893785,0.5473583106491794
AttachmentAmbiguity,AttachHigh-AttachMulti,AttachHigh,AttachMulti,sampler_entropy,60,0.5594304804706094,0.5598571389068429
AttachmentAmbiguity,AttachHigh-AttachMulti,AttachHigh,AttachMulti,sampler_entropy,61,0.09824348835489854,0.09835903517107374
AttachmentAmbiguity,AttachHigh-AttachMulti,AttachHigh,AttachMulti,sampler_entropy,62,0.4102341514616155,0.4127427986308103
AttachmentAmbiguity,AttachHigh-AttachMulti,AttachHigh,AttachMulti,sampler_entropy,63,0.46218812071498305,0.46296374485536695
AttachmentAmbiguity,AttachHigh-AttachMulti,AttachHigh,AttachMulti,sampler_entropy,64,-0.03671956766789877,-0.036657292530821436
AttachmentAmbiguity,AttachHigh-AttachMulti,AttachHigh,AttachMulti,sampler_entropy,65,-0.13516274216187057,-0.13451215252816434
AttachmentAmbiguity,AttachHigh-AttachMulti,AttachHigh,AttachMulti,sampler_entropy,66,0.396543455651058,0.39611965500794577
AttachmentAmbiguity,AttachHigh-AttachMulti,AttachHigh,AttachMulti,sampler_entropy,67,-0.5952581530899259,-0.5976137677719098
AttachmentAmbiguity,AttachHigh-AttachMulti,AttachHigh,AttachMulti,sampler_entropy,68,0.20582087897775167,0.2088990609202313
AttachmentAmbiguity,AttachHigh-AttachMulti,AttachHigh,AttachMulti,sampler_entropy,69,0.42580176428933825,0.42652347295507803
AttachmentAmbiguity,AttachHigh-AttachMulti,AttachHigh,AttachMulti,sampler_entropy,70,0.3910148391531939,0.3909962701844445
AttachmentAmbiguity,AttachHigh-AttachMulti,AttachHigh,AttachMulti,sampler_entropy,71,-0.025873609751313253,-0.026346730197343904
AttachmentAmbiguity,AttachHigh-AttachMulti,AttachHigh,AttachMulti,sampler_entropy,72,0.20703713562021303,0.20635408518431825
AttachmentAmbiguity,AttachHigh-AttachMulti,AttachHigh,AttachMulti,surprisal,49,1.678061982175706,1.682845108095197
AttachmentAmbiguity,AttachHigh-AttachMulti,AttachHigh,AttachMulti,surprisal,50,0.7323144524131274,0.7337000928982618
AttachmentAmbiguity,AttachHigh-AttachMulti,AttachHigh,AttachMulti,surprisal,51,-0.476061613404385,-0.4773648984355629
AttachmentAmbiguity,AttachHigh-AttachMulti,AttachHigh,AttachMulti,surprisal,52,0.446412945791931,0.44684351863227406
AttachmentAmbiguity,AttachHigh-AttachMulti,AttachHigh,AttachMulti,surprisal,53,1.601941839910786,1.6020828555880202
AttachmentAmbiguity,AttachHigh-AttachMulti,AttachHigh,AttachMulti,surprisal,54,-0.2710192910880437,-0.2705686100997593
AttachmentAmbiguity,AttachHigh-AttachMulti,AttachHigh,AttachMulti,surprisal,55,-0.1166679860165407,-0.11598126134228473
AttachmentAmbiguity,AttachHigh-AttachMulti,AttachHigh,AttachMulti,surprisal,56,0.28840608964174996,0.2910702507647849
AttachmentAmbiguity,AttachHigh-AttachMulti,AttachHigh,AttachMulti,surprisal,57,-0.7810450859659451,-0.7845093689568106
AttachmentAmbiguity,AttachHigh-AttachMulti,AttachHigh,AttachMulti,surprisal,58,0.08825957456434003,0.08868761639006753
AttachmentAmbiguity,AttachHigh-AttachMulti,AttachHigh,AttachMulti,surprisal,59,0.2732672432245742,0.27351144892358187
AttachmentAmbiguity,AttachHigh-AttachMulti,AttachHigh,AttachMulti,surprisal,60,-1.2168406581288855,-1.2185869189507468
AttachmentAmbiguity,AttachHigh-AttachMulti,AttachHigh,AttachMulti,surprisal,61,-0.019652022151779587,-0.019013150922532147
AttachmentAmbiguity,AttachHigh-AttachMulti,AttachHigh,AttachMulti,surprisal,62,0.10278476408874095,0.10373494146139588
AttachmentAmbiguity,AttachHigh-AttachMulti,AttachHigh,AttachMulti,surprisal,63,0.21941793652446598,0.21916533744721073
AttachmentAmbiguity,AttachHigh-AttachMulti,AttachHigh,AttachMulti,surprisal,64,-0.3359136246884167,-0.33804658090729345
AttachmentAmbiguity,AttachHigh-AttachMulti,AttachHigh,AttachMulti,surprisal,65,2.4238515302186396,2.4299841116726877
AttachmentAmbiguity,AttachHigh-AttachMulti,AttachHigh,AttachMulti,surprisal,66,-0.2956897189135332,-0.2953192865172619
AttachmentAmbiguity,AttachHigh-AttachMulti,AttachHigh,AttachMulti,surprisal,67,-1.0585335592879777,-1.0594205642147068
AttachmentAmbiguity,AttachHigh-AttachMulti,AttachHigh,AttachMulti,surprisal,68,-0.520331840626838,-0.5214946445979354
AttachmentAmbiguity,AttachHigh-AttachMulti,AttachHigh,AttachMulti,surprisal,69,0.7333143371212176,0.7335847817756012
AttachmentAmbiguity,AttachHigh-AttachMulti,AttachHigh,AttachMulti,surprisal,70,0.6145410317779677,0.6151390096489318
AttachmentAmbiguity,AttachHigh-AttachMulti,AttachHigh,AttachMulti,surprisal,71,0.20754254791558335,0.2083644379569813
AttachmentAmbiguity,AttachHigh-AttachMulti,AttachHigh,AttachMulti,surprisal,72,0.3948988014463684,0.3948171415893772
AttachmentAmbiguity,AttachHigh-AttachMulti,AttachHigh,AttachMulti,p_syntactic_group,49,-0.012745109070139786,-0.012743563379158773
AttachmentAmbiguity,AttachHigh-AttachMulti,AttachHigh,AttachMulti,p_syntactic_group,50,0.011442359492186329,0.011482966511672826
AttachmentAmbiguity,AttachHigh-AttachMulti,AttachHigh,AttachMulti,p_syntactic_group,51,0.0007567430755825738,0.0007453244223563561
AttachmentAmbiguity,AttachHigh-AttachMulti,AttachHigh,AttachMulti,p_syntactic_group,52,-0.0006718594139826779,-0.0006695924143715129
AttachmentAmbiguity,AttachHigh-AttachMulti,AttachHigh,AttachMulti,p_syntactic_group,53,-0.016907227141829444,-0.016897524776389058
AttachmentAmbiguity,AttachHigh-AttachMulti,AttachHigh,AttachMulti,p_syntactic_group,54,1.462331237230478e-05,1.4624069124409461e-05
AttachmentAmbiguity,AttachHigh-AttachMulti,AttachHigh,AttachMulti,p_syntactic_group,55,-0.006509626828201682,-0.006478790329955606
AttachmentAmbiguity,AttachHigh-AttachMulti,AttachHigh,AttachMulti,p_syntactic_group,56,0.004647711264979398,0.004641662630750915
AttachmentAmbiguity,AttachHigh-AttachMulti,AttachHigh,AttachMulti,p_syntactic_group,57,-0.0010690198651392355,-0.0010672959144130763
AttachmentAmbiguity,AttachHigh-AttachMulti,AttachHigh,AttachMulti,p_syntactic_group,58,0.001648191194804191,0.0016412107428387906
AttachmentAmbiguity,AttachHigh-AttachMulti,AttachHigh,AttachMulti,p_syntactic_group,59,-0.01302475124044248,-0.01300072516035748
AttachmentAmbiguity,AttachHigh-AttachMulti,AttachHigh,AttachMulti,p_syntactic_group,60,-0.003908187206893422,-0.0038793480316322276
AttachmentAmbiguity,AttachHigh-AttachMulti,AttachHigh,AttachMulti,p_syntactic_group,61,-0.004638315466058267,-0.004635542094761603
AttachmentAmbiguity,AttachHigh-AttachMulti,AttachHigh,AttachMulti,p_syntactic_group,62,-0.008776281160789774,-0.008799681398423912
AttachmentAmbiguity,AttachHigh-AttachMulti,AttachHigh,AttachMulti,p_syntactic_group,63,0.0014216372204500815,0.0014217691162417584
AttachmentAmbiguity,AttachHigh-AttachMulti,AttachHigh,AttachMulti,p_syntactic_group,64,0.006146704797037313,0.006146855803746302
AttachmentAmbiguity,AttachHigh-AttachMulti,AttachHigh,AttachMulti,p_syntactic_group,65,-0.014741580477625598,-0.014740360216906537
AttachmentAmbiguity,AttachHigh-AttachMulti,AttachHigh,AttachMulti,p_syntactic_group,66,0.0036433608123783118,0.003650092881381235
AttachmentAmbiguity,AttachHigh-AttachMulti,AttachHigh,AttachMulti,p_syntactic_group,67,0.03204715546200705,0.03196754205554439
AttachmentAmbiguity,AttachHigh-AttachMulti,AttachHigh,AttachMulti,p_syntactic_group,68,0.0005072253062157323,0.000530387319898826
AttachmentAmbiguity,AttachHigh-AttachMulti,AttachHigh,AttachMulti,p_syntactic_group,69,0.0006423710803928706,0.000643879304781376
AttachmentAmbiguity,AttachHigh-AttachMulti,AttachHigh,AttachMulti,p_syntactic_group,70,-0.00023368220769994175,-0.00023324381557093845
AttachmentAmbiguity,AttachHigh-AttachMulti,AttachHigh,AttachMulti,p_syntactic_group,71,0.002879579040371334,0.002863886069461232
AttachmentAmbiguity,AttachHigh-AttachMulti,AttachHigh,AttachMulti,p_syntactic_group,72,0.00031342646187154286,0.00031396968923753043
AttachmentAmbiguity,AttachHigh-AttachMulti,AttachHigh,AttachMulti,p_semantic_neighbors,49,-2.3724738036838477e-05,-2.3744011852005652e-05
AttachmentAmbiguity,AttachHigh-AttachMulti,AttachHigh,AttachMulti,p_semantic_neighbors,50,0.00021752254378354125,0.0002128618462609543
AttachmentAmbiguity,AttachHigh-AttachMulti,AttachHigh,AttachMulti,p_semantic_neighbors,51,-0.016227513364114102,-0.016231987708882168
AttachmentAmbiguity,AttachHigh-AttachMulti,AttachHigh,AttachMulti,p_semantic_neighbors,52,-1.3838280951856043e-06,-1.3816720112553642e-06
AttachmentAmbiguity,AttachHigh-AttachMulti,AttachHigh,AttachMulti,p_semantic_neighbors,53,-0.0002571769258065944,-0.0002558975011120823
AttachmentAmbiguity,AttachHigh-AttachMulti,AttachHigh,AttachMulti,p_semantic_neighbors,54,1.0443224193441713e-06,1.0443920254792238e-06
AttachmentAmbiguity,AttachHigh-AttachMulti,AttachHigh,AttachMulti,p_semantic_neighbors,55,0.0002306625445490855,0.00023026559429100544
AttachmentAmbiguity,AttachHigh-AttachMulti,AttachHigh,AttachMulti,p_semantic_neighbors,56,0.0001009478490025505,0.00010086105365926019
AttachmentAmbiguity,AttachHigh-AttachMulti,AttachHigh,AttachMulti,p_semantic_neighbors,57,4.6488003314988386e-05,4.6594667146067646e-05
AttachmentAmbiguity,AttachHigh-AttachMulti,AttachHigh,AttachMulti,p_semantic_neighbors,58,-0.02097436986609539,-0.020954368079717976
AttachmentAmbiguity,AttachHigh-AttachMulti,AttachHigh,AttachMulti,p_semantic_neighbors,59,-1.3133507007585771e-05,-1.3006208951288066e-05
AttachmentAmbiguity,AttachHigh-AttachMulti,AttachHigh,AttachMulti,p_semantic_neighbors,60,0.00011569389610535094,0.00011566259264710114
AttachmentAmbiguity,AttachHigh-AttachMulti,AttachHigh,AttachMulti,p_semantic_neighbors,61,-0.0008270013656313186,-0.000828730811036549
AttachmentAmbiguity,AttachHigh-AttachMulti,AttachHigh,AttachMulti,p_semantic_neighbors,62,-0.0021101882111791786,-0.002105343788303683
AttachmentAmbiguity,AttachHigh-AttachMulti,AttachHigh,AttachMulti,p_semantic_neighbors,63,0.013867800957983335,0.013856023085063156
AttachmentAmbiguity,AttachHigh-AttachMulti,AttachHigh,AttachMulti,p_semantic_neighbors,64,2.527120597906259e-05,2.531826301802767e-05
AttachmentAmbiguity,AttachHigh-AttachMulti,AttachHigh,AttachMulti,p_semantic_neighbors,65,-0.003329946511152773,-0.0033202038751905015
AttachmentAmbiguity,AttachHigh-AttachMulti,AttachHigh,AttachMulti,p_semantic_neighbors,66,-1.4372189255935802e-05,-1.4582841453460951e-05
AttachmentAmbiguity,AttachHigh-AttachMulti,AttachHigh,AttachMulti,p_semantic_neighbors,67,0.06037544117371546,0.06024305659798966
AttachmentAmbiguity,AttachHigh-AttachMulti,AttachHigh,AttachMulti,p_semantic_neighbors,68,-6.406608435506545e-05,-6.314346135638447e-05
AttachmentAmbiguity,AttachHigh-AttachMulti,AttachHigh,AttachMulti,p_semantic_neighbors,69,-1.8152598100776162e-05,-1.810799772586581e-05
AttachmentAmbiguity,AttachHigh-AttachMulti,AttachHigh,AttachMulti,p_semantic_neighbors,70,-5.463901829597177e-06,-5.457103009932203e-06
AttachmentAmbiguity,AttachHigh-AttachMulti,AttachHigh,AttachMulti,p_semantic_neighbors,71,0.00017776112940746477,0.0001763008877371971
AttachmentAmbiguity,AttachHigh-AttachMulti,AttachHigh,AttachMulti,p_semantic_neighbors,72,0.00020381556755046868,0.0002038582202660622
AttachmentAmbiguity,AttachLow-AttachMulti,AttachLow,AttachMulti,entropy,49,-0.10300985821106233,-0.10213896182494639
AttachmentAmbiguity,AttachLow-AttachMulti,AttachLow,AttachMulti,entropy,50,0.5347307216142534,0.5374643094275359
AttachmentAmbiguity,AttachLow-AttachMulti,AttachLow,AttachMulti,entropy,51,0.031098806444747565,0.03080348318424563
AttachmentAmbiguity,AttachLow-AttachMulti,AttachLow,AttachMulti,entropy,52,3.774448640342923,3.776981883042207
AttachmentAmbiguity,AttachLow-AttachMulti,AttachLow,AttachMulti,entropy,53,1.0174287135996174,1.0186998042347506
AttachmentAmbiguity,AttachLow-AttachMulti,AttachLow,AttachMulti,entropy,54,0.0007342347622516767,0.0007337991727285065
AttachmentAmbiguity,AttachLow-AttachMulti,AttachLow,AttachMulti,entropy,55,-0.5930619263131612,-0.5929975864266361
AttachmentAmbiguity,AttachLow-AttachMulti,AttachLow,AttachMulti,entropy,56,1.4166802243700243,1.4181693163628322
AttachmentAmbiguity,AttachLow-AttachMulti,AttachLow,AttachMulti,entropy,57,-0.4059333068269291,-0.4057360547077101
AttachmentAmbiguity,AttachLow-AttachMulti,AttachLow,AttachMulti,entropy,59,0.4085872254315436,0.4087335550506742
AttachmentAmbiguity,AttachLow-AttachMulti,AttachLow,AttachMulti,entropy,60,-0.2590045655058258,-0.25912701761654505
AttachmentAmbiguity,AttachLow-AttachMulti,AttachLow,AttachMulti,entropy,61,1.8764959306554898,1.8779006004853942
AttachmentAmbiguity,AttachLow-AttachMulti,AttachLow,AttachMulti,entropy,62,-0.14179247284984345,-0.141936220359489
AttachmentAmbiguity,AttachLow-AttachMulti,AttachLow,AttachMulti,entropy,63,0.0138207069490965,0.013163423402948463
AttachmentAmbiguity,AttachLow-AttachMulti,AttachLow,AttachMulti,entropy,64,0.022659328478720833,0.02264848110116911
AttachmentAmbiguity,AttachLow-AttachMulti,AttachLow,AttachMulti,entropy,65,-0.04310770166581542,-0.04330926984511174
AttachmentAmbiguity,AttachLow-AttachMulti,AttachLow,AttachMulti,entropy,66,-0.006886830965768384,-0.007016010673954239
AttachmentAmbiguity,AttachLow-AttachMulti,AttachLow,AttachMulti,entropy,67,-0.04709989710914526,-0.04725798862914755
AttachmentAmbiguity,AttachLow-AttachMulti,AttachLow,AttachMulti,entropy,68,0.044492528399536865,0.044530459879116455
AttachmentAmbiguity,AttachLow-AttachMulti,AttachLow,AttachMulti,entropy,69,0.22203635152827148,0.22194150212765726
AttachmentAmbiguity,AttachLow-AttachMulti,AttachLow,AttachMulti,entropy,70,4.183874471566626,4.185340730540777
AttachmentAmbiguity,AttachLow-AttachMulti,AttachLow,AttachMulti,entropy,71,0.08714111504989724,0.08721658325054027
AttachmentAmbiguity,AttachLow-AttachMulti,AttachLow,AttachMulti,entropy,72,0.07121144303289154,0.07118896535069746
AttachmentAmbiguity,AttachLow-AttachMulti,AttachLow,AttachMulti,sampler_entropy,49,-0.24579340108075903,-0.24540474434632908
AttachmentAmbiguity,AttachLow-AttachMulti,AttachLow,AttachMulti,sampler_entropy,50,0.42762513252957995,0.42942478162423986
AttachmentAmbiguity,AttachLow-AttachMulti,AttachLow,AttachMulti,sampler_entropy,51,0.0649839929240436,0.06425332578757005
AttachmentAmbiguity,AttachLow-AttachMulti,AttachLow,AttachMulti,sampler_entropy,52,-0.28857922946987424,-0.2861393819460106
AttachmentAmbiguity,AttachLow-AttachMulti,AttachLow,AttachMulti,sampler_entropy,53,1.1576579242016196,1.1602025815854842
AttachmentAmbiguity,AttachLow-AttachMulti,AttachLow,AttachMulti,sampler_entropy,54,0.34894196591784604,0.3488687398846031
AttachmentAmbiguity,AttachLow-AttachMulti,AttachLow,AttachMulti,sampler_entropy,55,0.33378759101407596,0.33360001864522015
AttachmentAmbiguity,AttachLow-AttachMulti,AttachLow,AttachMulti,sampler_entropy,56,0.504090164714123,0.5065922315926061
AttachmentAmbiguity,AttachLow-AttachMulti,AttachLow,AttachMulti,sampler_entropy,57,0.9814378094792963,0.9839691468939111
AttachmentAmbiguity,AttachLow-AttachMulti,AttachLow,AttachMulti,sampler_entropy,59,0.4481127326332743,0.44727927642483756
AttachmentAmbiguity,AttachLow-AttachMulti,AttachLow,AttachMulti,sampler_entropy,60,0.0870470756502006,0.09044788413022367
AttachmentAmbiguity,AttachLow-AttachMulti,AttachLow,AttachMulti,sampler_entropy,61,-0.5285980907037631,-0.5291776504303717
AttachmentAmbiguity,AttachLow-AttachMulti,AttachLow,AttachMulti,sampler_entropy,62,-0.2437857633619454,-0.24386605962726005
AttachmentAmbiguity,AttachLow-AttachMulti,AttachLow,AttachMulti,sampler_entropy,63,-0.06561031491313177,-0.06714960229610278
AttachmentAmbiguity,AttachLow-AttachMulti,AttachLow,AttachMulti,sampler_entropy,64,-0.119874174954304,-0.11953886585799582
AttachmentAmbiguity,AttachLow-AttachMulti,AttachLow,AttachMulti,sampler_entropy,65,-0.09789893090425422,-0.09851723759316613
AttachmentAmbiguity,AttachLow-AttachMulti,AttachLow,AttachMulti,sampler_entropy,66,-0.18100880891234436,-0.1817724743695191
AttachmentAmbiguity,AttachLow-AttachMulti,AttachLow,AttachMulti,sampler_entropy,67,-0.03871535713349167,-0.038953839183796024
AttachmentAmbiguity,AttachLow-AttachMulti,AttachLow,AttachMulti,sampler_entropy,68,0.15986371740024902,0.16052896397718452
AttachmentAmbiguity,AttachLow-AttachMulti,AttachLow,AttachMulti,sampler_entropy,69,0.4605547198817957,0.4606096118704387
AttachmentAmbiguity,AttachLow-AttachMulti,AttachLow,AttachMulti,sampler_entropy,70,0.985491274601251,0.9883507496208701
AttachmentAmbiguity,AttachLow-AttachMulti,AttachLow,AttachMulti,sampler_entropy,71,-0.7860549801318486,-0.7887424553787128
AttachmentAmbiguity,AttachLow-AttachMulti,AttachLow,AttachMulti,sampler_entropy,72,0.12042515803821115,0.12191954379352524
AttachmentAmbiguity,AttachLow-AttachMulti,AttachLow,AttachMulti,surprisal,49,-0.1327832039922083,-0.13254604811902748
AttachmentAmbiguity,AttachLow-AttachMulti,AttachLow,AttachMulti,surprisal,50,0.7120537434128383,0.7114941196215618
AttachmentAmbiguity,AttachLow-AttachMulti,AttachLow,AttachMulti,surprisal,51,0.17069097545704437,0.17292787042069196
AttachmentAmbiguity,AttachLow-AttachMulti,AttachLow,AttachMulti,surprisal,52,-2.7069426171023365,-2.713747224904439
AttachmentAmbiguity,AttachLow-AttachMulti,AttachLow,AttachMulti,surprisal,53,-1.2969179609572328,-1.2999382119780818
AttachmentAmbiguity,AttachLow-AttachMulti,AttachLow,AttachMulti,surprisal,54,0.1350475161578918,0.13527287797621962
AttachmentAmbiguity,AttachLow-AttachMulti,AttachLow,AttachMulti,surprisal,55,1.2910146034318495,1.2975069512043496
AttachmentAmbiguity,AttachLow-AttachMulti,AttachLow,AttachMulti,surprisal,56,-0.9565446863681205,-0.9565620385449342
AttachmentAmbiguity,AttachLow-AttachMulti,AttachLow,AttachMulti,surprisal,57,-0.321122875724621,-0.32367864855940326
AttachmentAmbiguity,AttachLow-AttachMulti,AttachLow,AttachMulti,surprisal,59,-0.18222923508531338,-0.183075696030248
AttachmentAmbiguity,AttachLow-AttachMulti,AttachLow,AttachMulti,surprisal,60,0.23752859710094687,0.2392186692200405
AttachmentAmbiguity,AttachLow-AttachMulti,AttachLow,AttachMulti,surprisal,61,-1.3058463129323676,-1.3082992886699134
AttachmentAmbiguity,AttachLow-AttachMulti,AttachLow,AttachMulti,surprisal,62,-0.11657496774162453,-0.11659622603926355
AttachmentAmbiguity,AttachLow-AttachMulti,AttachLow,AttachMulti,surprisal,63,-0.7297783277568732,-0.7334229464527788
AttachmentAmbiguity,AttachLow-AttachMulti,AttachLow,AttachMulti,surprisal,64,0.3346913881382336,0.3344224659739431
AttachmentAmbiguity,AttachLow-AttachMulti,AttachLow,AttachMulti,surprisal,65,0.32946960726163693,0.3301953995372193
AttachmentAmbiguity,AttachLow-AttachMulti,AttachLow,AttachMulti,surprisal,66,0.19995570648976715,0.200430339125606
AttachmentAmbiguity,AttachLow-AttachMulti,AttachLow,AttachMulti,surprisal,67,0.29617047984054357,0.29572763554589765
AttachmentAmbiguity,AttachLow-AttachMulti,AttachLow,AttachMulti,surprisal,68,-0.11328832025107519,-0.11558641169058076
AttachmentAmbiguity,AttachLow-AttachMulti,AttachLow,AttachMulti,surprisal,69,0.1045173951484519,0.10426508306042251
AttachmentAmbiguity,AttachLow-AttachMulti,AttachLow,AttachMulti,surprisal,70,-3.8823292578350617,-3.892053364240228
AttachmentAmbiguity,AttachLow-AttachMulti,AttachLow,AttachMulti,surprisal,71,0.3366345916696748,0.33335385565129344
AttachmentAmbiguity,AttachLow-AttachMulti,AttachLow,AttachMulti,surprisal,72,-0.55762405013425,-0.5561894181451776
AttachmentAmbiguity,AttachLow-AttachMulti,AttachLow,AttachMulti,p_syntactic_group,49,-0.00015898656384802305,-0.00014959482018849792
AttachmentAmbiguity,AttachLow-AttachMulti,AttachLow,AttachMulti,p_syntactic_group,50,0.0029145712886628995,0.002894263010198039
AttachmentAmbiguity,AttachLow-AttachMulti,AttachLow,AttachMulti,p_syntactic_group,51,0.006912461086435569,0.006906838599133722
AttachmentAmbiguity,AttachLow-AttachMulti,AttachLow,AttachMulti,p_syntactic_group,52,0.05699717415206839,0.057022239210895255
AttachmentAmbiguity,AttachLow-AttachMulti,AttachLow,AttachMulti,p_syntactic_group,53,0.03465870224688586,0.03466019211070537
AttachmentAmbiguity,AttachLow-AttachMulti,AttachLow,AttachMulti,p_syntactic_group,54,4.543933993142249e-06,4.544831441661222e-06
AttachmentAmbiguity,AttachLow-AttachMulti,AttachLow,AttachMulti,p_syntactic_group,55,-0.010752501653260978,-0.01068114836931401
AttachmentAmbiguity,AttachLow-AttachMulti,AttachLow,AttachMulti,p_syntactic_group,56,0.055110600926026244,0.05515929444639121
AttachmentAmbiguity,AttachLow-AttachMulti,AttachLow,AttachMulti,p_syntactic_group,57,0.001555618665748881,0.0015639275255059553
AttachmentAmbiguity,AttachLow-AttachMulti,AttachLow,AttachMulti,p_syntactic_group,59,0.010298212077136645,0.010298682042372786
AttachmentAmbiguity,AttachLow-AttachMulti,AttachLow,AttachMulti,p_syntactic_group,60,-0.004546828422719056,-0.004537545901094853
AttachmentAmbiguity,AttachLow-AttachMulti,AttachLow,AttachMulti,p_syntactic_group,61,0.027423612925136762,0.02739918163092609
AttachmentAmbiguity,AttachLow-AttachMulti,AttachLow,AttachMulti,p_syntactic_group,62,0.012870801585171725,0.012867328807977196
AttachmentAmbiguity,AttachLow-AttachMulti,AttachLow,AttachMulti,p_syntactic_group,63,0.0038377907701460435,0.003815588764719073
AttachmentAmbiguity,AttachLow-AttachMulti,AttachLow,AttachMulti,p_syntactic_group,64,0.00022214389500695633,0.00021687651881689186
AttachmentAmbiguity,AttachLow-AttachMulti,AttachLow,AttachMulti,p_syntactic_group,65,-0.0004671108769485071,-0.0004712110606187368
AttachmentAmbiguity,AttachLow-AttachMulti,AttachLow,AttachMulti,p_syntactic_group,66,-0.00432075482511346,-0.004320446489293606
AttachmentAmbiguity,AttachLow-AttachMulti,AttachLow,AttachMulti,p_syntactic_group,67,-0.005593153963879043,-0.005588080456153763
AttachmentAmbiguity,AttachLow-AttachMulti,AttachLow,AttachMulti,p_syntactic_group,68,0.0014895745249065614,0.001510961433029809
AttachmentAmbiguity,AttachLow-AttachMulti,AttachLow,AttachMulti,p_syntactic_group,69,0.0001166260268218678,0.00011913640461241187
AttachmentAmbiguity,AttachLow-AttachMulti,AttachLow,AttachMulti,p_syntactic_group,70,0.028875730907230498,0.028866808063177776
AttachmentAmbiguity,AttachLow-AttachMulti,AttachLow,AttachMulti,p_syntactic_group,71,0.011757203729278244,0.011761750880206583
AttachmentAmbiguity,AttachLow-AttachMulti,AttachLow,AttachMulti,p_syntactic_group,72,0.0004149528984680501,0.00041454358195814115
AttachmentAmbiguity,AttachLow-AttachMulti,AttachLow,AttachMulti,p_semantic_neighbors,49,7.343542624232927e-07,7.298065903358189e-07
AttachmentAmbiguity,AttachLow-AttachMulti,AttachLow,AttachMulti,p_semantic_neighbors,50,0.0017728705589331018,0.0017643340861764904
AttachmentAmbiguity,AttachLow-AttachMulti,AttachLow,AttachMulti,p_semantic_neighbors,51,0.012036096041733,0.01200896715855943
AttachmentAmbiguity,AttachLow-AttachMulti,AttachLow,AttachMulti,p_semantic_neighbors,52,8.494818411572186e-05,8.496676792967951e-05
AttachmentAmbiguity,AttachLow-AttachMulti,AttachLow,AttachMulti,p_semantic_neighbors,53,0.00020127929949411886,0.00020099135856826137
AttachmentAmbiguity,AttachLow-AttachMulti,AttachLow,AttachMulti,p_semantic_neighbors,54,1.0034688131242556e-08,1.0174719494328994e-08
AttachmentAmbiguity,AttachLow-AttachMulti,AttachLow,AttachMulti,p_semantic_neighbors,55,-7.13447657960842e-05,-7.125615734675376e-05
AttachmentAmbiguity,AttachLow-AttachMulti,AttachLow,AttachMulti,p_semantic_neighbors,56,0.0004906571527698504,0.0004909131888576245
AttachmentAmbiguity,AttachLow-AttachMulti,AttachLow,AttachMulti,p_semantic_neighbors,57,-1.7456494464797786e-06,-1.6797308403536293e-06
AttachmentAmbiguity,AttachLow-AttachMulti,AttachLow,AttachMulti,p_semantic_neighbors,59,3.818725321671397e-05,3.813540657227463e-05
AttachmentAmbiguity,AttachLow-AttachMulti,AttachLow,AttachMulti,p_semantic_neighbors,60,3.203213869631899e-05,3.1933162057852185e-05
AttachmentAmbiguity,AttachLow-AttachMulti,AttachLow,AttachMulti,p_semantic_neighbors,61,0.00922059131820722,0.009220605095986332
AttachmentAmbiguity,AttachLow-AttachMulti,AttachLow,AttachMulti,p_semantic_neighbors,62,-0.011080814255573715,-0.011099596786444604
AttachmentAmbiguity,AttachLow-AttachMulti,AttachLow,AttachMulti,p_semantic_neighbors,63,0.004153233931001117,0.004111509577250262
AttachmentAmbiguity,AttachLow-AttachMulti,AttachLow,AttachMulti,p_semantic_neighbors,64,-3.8730342654600805e-06,-3.846902632083337e-06
AttachmentAmbiguity,AttachLow-AttachMulti,AttachLow,AttachMulti,p_semantic_neighbors,65,-0.000759485285918833,-0.0007573550408495807
AttachmentAmbiguity,AttachLow-AttachMulti,AttachLow,AttachMulti,p_semantic_neighbors,66,-3.244256218521856e-05,-3.250542466050215e-05
AttachmentAmbiguity,AttachLow-AttachMulti,AttachLow,AttachMulti,p_semantic_neighbors,67,-0.012484222471329898,-0.012494051223183533
AttachmentAmbiguity,AttachLow-AttachMulti,AttachLow,AttachMulti,p_semantic_neighbors,68,-0.0008249157745740367,-0.0008189958377429241
AttachmentAmbiguity,AttachLow-AttachMulti,AttachLow,AttachMulti,p_semantic_neighbors,69,-2.772946024528164e-06,-2.6968447715714305e-06
AttachmentAmbiguity,AttachLow-AttachMulti,AttachLow,AttachMulti,p_semantic_neighbors,70,0.0002957196759164065,0.00029567444234101224
AttachmentAmbiguity,AttachLow-AttachMulti,AttachLow,AttachMulti,p_semantic_neighbors,71,-0.00035514862472307883,-0.0003532760799921106
AttachmentAmbiguity,AttachLow-AttachMulti,AttachLow,AttachMulti,p_semantic_neighbors,72,0.00017721658593195322,0.00017690845303744017
