source,subset,contrast,human_measure,metric,magnitude_ratio_filler,ratio_filler_std,magnitude_ratio_subset,ratio_subset_std,n_splits_used,n_filler_items,n_subset_items
critical_position,Agreement,UNAGREE-AGREE,SPR_RT,steps_taken,-0.024279451767397736,0.008036385287117307,0.017416638607135777,0.002768228109158204,10,39,36
critical_position,Agreement,UNAGREE-AGREE,SPR_RT,final_surprisal,-0.006386691071559631,0.0018012414377669137,-0.002288758476491422,0.0003812895170426499,10,39,36
critical_position,Agreement,UNAGREE-AGREE,SPR_RT,final_entropy,-0.010912695071043173,0.005808859298027919,0.055558050858953115,0.00988653703881521,10,39,36
critical_position,Agreement,UNAGREE-AGREE,SPR_RT,final_sampler_entropy,0.06702239611552305,0.018720019931269354,0.07371510063696454,0.01964312350959764,10,39,36
critical_position,Agreement,UNAGREE-AGREE,SPR_RT,final_sampler_p_target,0.002123752968153063,0.0005822893006127433,0.025960447371040512,0.004171756117173384,10,39,36
critical_position,Agreement,UNAGREE-AGREE,SPR_RT,cumulative_kl,0.0003676270644134206,0.008829099913128226,-0.009547806619250284,0.0042120382641091655,10,39,36
critical_position,Agreement,UNAGREE-AGREE,SPR_RT,sampler_cumulative_kl,0.006624227991989551,0.0071187234150315234,-0.008177699459267784,0.004350984808314658,10,39,36
critical_position,ClassicGP,MVRR_AMB-MVRR_UAMB,SPR_RT,steps_taken,0.00973813850016888,0.0023016620466760457,0.01860788415240684,0.003520999037242002,10,39,48
critical_position,ClassicGP,MVRR_AMB-MVRR_UAMB,SPR_RT,final_surprisal,-0.032037238689621765,0.004588105976690162,-0.009929246746244434,0.0027274582002969885,10,39,48
critical_position,ClassicGP,MVRR_AMB-MVRR_UAMB,SPR_RT,final_entropy,0.001551554603421176,0.0008561733625190728,0.007552087189525209,0.001909944793419339,10,39,48
critical_position,ClassicGP,MVRR_AMB-MVRR_UAMB,SPR_RT,final_sampler_entropy,-0.003412300465010639,0.0004871316096964045,0.004831332716205615,0.001366932882266883,10,39,48
critical_position,ClassicGP,MVRR_AMB-MVRR_UAMB,SPR_RT,final_sampler_p_target,-0.0006379276988001075,8.628553688370576e-05,0.008344254638621975,0.003015429159900342,10,39,48
critical_position,ClassicGP,MVRR_AMB-MVRR_UAMB,SPR_RT,cumulative_kl,-0.0010603761142708506,0.006296422149162899,0.0776309428584052,0.01195811395586905,10,39,48
critical_position,ClassicGP,MVRR_AMB-MVRR_UAMB,SPR_RT,sampler_cumulative_kl,-0.0023969195433084243,0.0022450829718711415,0.016415763449238275,0.002734949993963843,10,39,48
critical_position,ClassicGP,NPS_AMB-NPS_UAMB,SPR_RT,steps_taken,0.049630465885305765,0.01249555336302056,-0.024987191016357768,0.0140436090816118,10,39,48
critical_position,ClassicGP,NPS_AMB-NPS_UAMB,SPR_RT,final_surprisal,0.12127324936931087,0.020226717603079616,0.08124133966385885,0.008324329094148895,10,39,48
critical_position,ClassicGP,NPS_AMB-NPS_UAMB,SPR_RT,final_entropy,0.012731458780579737,0.007264985160915376,-0.026606595804366813,0.014159604728093748,10,39,48
critical_position,ClassicGP,NPS_AMB-NPS_UAMB,SPR_RT,final_sampler_entropy,0.02253306753637177,0.003770226560734053,0.009852370490976434,0.0020491812680534034,10,39,48
critical_position,ClassicGP,NPS_AMB-NPS_UAMB,SPR_RT,final_sampler_p_target,0.005947171657749712,0.0010604046357738375,0.0917191361302272,0.015431756657495082,10,39,48
critical_position,ClassicGP,NPS_AMB-NPS_UAMB,SPR_RT,cumulative_kl,-0.0032107792030618572,0.018113504242745018,0.006897936392269119,0.007659455337852108,10,39,48
critical_position,ClassicGP,NPS_AMB-NPS_UAMB,SPR_RT,sampler_cumulative_kl,-0.01196785930612832,0.011859973369898295,0.02026157725374513,0.0058090047016285205,10,39,48
critical_position,ClassicGP,NPZ_AMB-NPZ_UAMB,SPR_RT,steps_taken,-0.008760408843257567,0.0021447131321872663,0.006896727597600366,0.003041862298378415,10,39,48
critical_position,ClassicGP,NPZ_AMB-NPZ_UAMB,SPR_RT,final_surprisal,-0.005849364296792508,0.0006376203447639213,-0.0034136641159849476,0.0009937002721459916,10,39,48
critical_position,ClassicGP,NPZ_AMB-NPZ_UAMB,SPR_RT,final_entropy,-0.0023198212377815025,0.0013251076414581258,0.007690796530470942,0.0024347861159014074,10,39,48
critical_position,ClassicGP,NPZ_AMB-NPZ_UAMB,SPR_RT,final_sampler_entropy,0.011500447865650569,0.0015920046554217277,0.010326921141039199,0.0027289131217009574,10,39,48
critical_position,ClassicGP,NPZ_AMB-NPZ_UAMB,SPR_RT,final_sampler_p_target,0.0008127388090944723,0.00011600757719405704,0.03459422838542199,0.004574556535999965,10,39,48
critical_position,ClassicGP,NPZ_AMB-NPZ_UAMB,SPR_RT,cumulative_kl,-0.0006419273404624116,0.0022634859598387003,0.0010642740675253048,0.003907961587512993,10,39,48
critical_position,ClassicGP,NPZ_AMB-NPZ_UAMB,SPR_RT,sampler_cumulative_kl,-0.0014523496027142066,0.001312857155330186,-0.002760318913676306,0.002843141878015945,10,39,48
critical_position,RelativeClause,RC_Obj-RC_Subj,SPR_RT,steps_taken,-0.5240427344091251,1.9235448939790998,-0.14671896383131922,0.1605625488009048,10,39,48
critical_position,RelativeClause,RC_Obj-RC_Subj,SPR_RT,final_surprisal,2.1002998894764593,7.697045621158895,0.42599408622131774,1.5703837489056003,10,39,48
critical_position,RelativeClause,RC_Obj-RC_Subj,SPR_RT,final_entropy,-0.4798399369800819,1.710807503156188,0.39638727109178207,1.933450486399338,10,39,48
critical_position,RelativeClause,RC_Obj-RC_Subj,SPR_RT,final_sampler_entropy,1.6648347694305212,6.08977552469302,0.8525051772890817,3.3048632155934365,10,39,48
critical_position,RelativeClause,RC_Obj-RC_Subj,SPR_RT,final_sampler_p_target,0.5373699492484129,1.9545282321086794,0.17055297055237112,0.694225614920276,10,39,48
critical_position,RelativeClause,RC_Obj-RC_Subj,SPR_RT,cumulative_kl,0.39483985472498734,0.6172468766031708,0.4158561731194578,1.3805120807997477,10,39,48
critical_position,RelativeClause,RC_Obj-RC_Subj,SPR_RT,sampler_cumulative_kl,0.36164672881828647,0.7124388175941814,0.4935946445658065,1.5796152142651008,10,39,48
critical_position,AttachmentAmbiguity,AttachHigh-AttachMulti,SPR_RT,steps_taken,0.05450344171621134,0.03300817548507883,0.07275124305654697,0.048010947736764294,10,39,48
critical_position,AttachmentAmbiguity,AttachHigh-AttachMulti,SPR_RT,final_surprisal,0.08378568649051851,0.044676385635838846,0.05491833751900006,0.032307674245805926,10,39,48
critical_position,AttachmentAmbiguity,AttachHigh-AttachMulti,SPR_RT,final_entropy,0.006314900210989077,0.004283940788207767,0.030569484373852752,0.01942503916669763,10,39,48
critical_position,AttachmentAmbiguity,AttachHigh-AttachMulti,SPR_RT,final_sampler_entropy,0.09869548786170425,0.059239546205481476,0.05868544956571621,0.043449167755882055,10,39,48
critical_position,AttachmentAmbiguity,AttachHigh-AttachMulti,SPR_RT,final_sampler_p_target,0.0023493012143767857,0.0013806686980694406,0.001681707743612092,0.0009297760460621732,10,39,48
critical_position,AttachmentAmbiguity,AttachHigh-AttachMulti,SPR_RT,cumulative_kl,-0.030581973878921597,0.10557309427393546,0.02291026118358495,0.042633948049009725,10,39,48
critical_position,AttachmentAmbiguity,AttachHigh-AttachMulti,SPR_RT,sampler_cumulative_kl,-0.1239818875315428,0.14822937856114163,-0.049652246306129924,0.02542301213664181,10,39,48
critical_position,AttachmentAmbiguity,AttachLow-AttachMulti,SPR_RT,steps_taken,0.0767821003248638,0.29987056952853114,0.004149276592229316,0.06926237598007591,10,39,48
critical_position,AttachmentAmbiguity,AttachLow-AttachMulti,SPR_RT,final_surprisal,-0.023649850241359145,0.10150193581418514,-0.010920394061627564,0.05372135122264778,10,39,48
critical_position,AttachmentAmbiguity,AttachLow-AttachMulti,SPR_RT,final_entropy,0.014540493032167595,0.09166833258406128,-0.031112843215261893,0.07485294691676744,10,39,48
critical_position,AttachmentAmbiguity,AttachLow-AttachMulti,SPR_RT,final_sampler_entropy,-0.03619530915031226,0.15665867316424797,-0.021229967118690258,0.06865118881267232,10,39,48
critical_position,AttachmentAmbiguity,AttachLow-AttachMulti,SPR_RT,final_sampler_p_target,0.01178456350302887,0.05400769494892778,0.009230063679791574,0.03960271926080885,10,39,48
critical_position,AttachmentAmbiguity,AttachLow-AttachMulti,SPR_RT,cumulative_kl,0.00018632586605015904,0.003746645732325706,-0.0008887144486729977,0.004839404267865857,10,39,48
critical_position,AttachmentAmbiguity,AttachLow-AttachMulti,SPR_RT,sampler_cumulative_kl,0.018557214659588466,0.09420551029320919,0.016691332298023154,0.08927867615530943,10,39,48
